"Country ";"Short";"League ";"Hour";"Status";"Home Team";"Result Home";"Result Visitor";"Visitor Team";"Result Home HT";"Result Visitor HT";"Global";"Global";"Global";"Global";"Global";"Casa";"Fora";"Global";"Global";"Casa";"Fora";"Casa";"Fora";"Casa";"Fora";"Global";"Casa";"Fora";"Casa";"Fora";"Global";"Casa";"Fora";"Casa";"Fora";"Casa";"Fora";"Casa";"Fora";"Global";"Casa";"Fora";"Casa";"Fora";"Global"
"World";"WOR";"World Cup";"18-06-2026 13:00";"NS";"Czech Republic";"";"";"South Africa";"";"";"";"";"";"";"";"";"";"";"";"";"";"";"";"";"";"";"";"";"";"";"";"";"";"";"";"";"";"";"";"";"";"";"";"";""
"World";"WOR";"World Cup";"18-06-2026 16:00";"NS";"Switzerland";"";"";"Bosnia and Herzegovina";"";"";"";"";"";"";"";"";"";"";"";"";"";"";"";"";"";"";"";"";"";"";"";"";"";"";"";"";"";"";"";"";"";"";"";"";""
"World";"WOR";"World Cup";"18-06-2026 19:00";"NS";"Canada";"";"";"Qatar";"";"";"";"";"";"";"";"";"";"";"";"";"";"";"";"";"";"";"";"";"";"";"";"";"";"";"";"";"";"";"";"";"";"";"";"";""
"World";"WOR";"World Cup";"18-06-2026 22:00";"NS";"Mexico";"";"";"Korea Republic";"";"";"";"";"";"";"";"";"";"";"";"";"";"";"";"";"";"";"";"";"";"";"";"";"";"";"";"";"";"";"";"";"";"";"";"";""
"Brazil";"BRA";"Serie B";"18-06-2026 21:00";"NS";"Sport Recife";"";"";"Atlético GO";"";"";"";"";"";"7";"0";"0";"0";"69";"100";"57";"33";"43";"67";"0";"0";"28.1";"13.9";"11.5";"13";"17.8";"9.2";"5.6";"3.2";"3.7";"5.8";"1.4";"2.5";"1.7";"1.2";"3.4";"5.6";"8.2";"5.7";"6.3";"12.9"
"Sweden";"SWE";"Damallsvenskan";"18-06-2026 10:00";"NS";"Brommapojkarna W";"";"";"Vittsjo W";"";"";"";"";"";"25";"25";"50";"0";"38";"75";"25";"25";"75";"75";"0.5";"0";"18.2";"8";"6";"9.2";"13.2";"8.9";"4";"3.2";"4";"6.5";"2.2";"2.5";"1.8";"1.5";"4";"4.2";"6.2";"3.2";"3";"8.4"
"Sweden";"SWE";"Damallsvenskan";"18-06-2026 11:00";"NS";"Eskilstuna United W";"";"";"Pitea W";"";"";"";"";"";"0";"0";"0";"0";"42";"100";"60";"50";"40";"25";"0.2";"0.2";"15.8";"4.4";"9.8";"7.6";"9.8";"6.2";"1.2";"4";"2.8";"4.5";"1.2";"1.2";"0.2";"2.5";"2.6";"2.8";"3.5";"1.2";"5.8";"6.6"
"Sweden";"SWE";"Damallsvenskan";"18-06-2026 13:00";"NS";"Kristianstads W";"";"";"Uppsala W";"";"";"";"";"";"40";"20";"20";"0";"30";"80";"60";"0";"40";"100";"0.4";"0";"15.7";"8.6";"4.4";"6.4";"12";"7.2";"3.4";"1.6";"3.6";"5.8";"1.4";"3.4";"1.6";"0.6";"3.5";"2.6";"6.2";"4.6";"2.2";"7.8"
"Sweden";"SWE";"Damallsvenskan";"18-06-2026 13:00";"NS";"Häcken W";"";"";"Rosengard W";"";"";"";"";"";"38";"25";"75";"25";"25";"75";"75";"25";"25";"75";"0";"0.5";"21.8";"15";"15";"4.8";"8.8";"10.4";"6.5";"8.8";"2.5";"3";"1";"1.5";"2.2";"3.2";"4";"1.8";"4";"4.8";"5.5";"8"
"Sweden";"SWE";"Damallsvenskan";"18-06-2026 14:00";"NS";"Norrköping W";"";"";"Växjö W";"";"";"";"";"";"12";"12";"25";"0";"38";"88";"25";"50";"75";"50";"0";"0.2";"21";"7.2";"7.2";"12.2";"15.2";"9";"3.8";"3.2";"4.8";"6.2";"2.5";"2.8";"0.8";"1.8";"3.8";"6.2";"8";"2.2";"2.5";"9.5"
"Chile";"CHI";"Primera Division";"18-06-2026 21:00";"NS";"Universidad Chile";"";"";"O'Higgins";"";"";"";"";"";"42";"25";"17";"33";"42";"75";"50";"33";"33";"50";"0";"0.3";"23.6";"13.8";"10.5";"8";"15";"8.6";"4.7";"4.3";"3.3";"4.8";"0.8";"1.8";"2";"1.7";"3.2";"2.8";"5";"6.3";"4.8";"9.5"
"Argentina";"ARG";"Reserve League";"18-06-2026 15:00";"NS";"Quilmes Res.";"";"";"San Martín San Juan Res.";"";"";"";"";"";"44";"25";"0";"0";"44";"75";"62";"12";"12";"88";"0.1";"0";"15.9";"8.2";"4.9";"6.1";"12.5";"8.8";"4.1";"2.5";"2.6";"8.4";"1";"4.5";"2";"1";"4.2";"2.2";"6.9";"3.4";"2";"7.2"
"Argentina";"ARG";"Reserve League";"18-06-2026 15:00";"NS";"Independiente Res.";"";"";"Belgrano Córdoba Res.";"";"";"";"";"";"32";"25";"38";"12";"44";"75";"88";"38";"12";"50";"0.1";"0";"16.8";"10.8";"9.1";"5.1";"8.5";"7.8";"5";"4";"2.9";"3.6";"1.6";"1.3";"2.1";"2.7";"3.9";"2.6";"4.1";"4.2";"6.4";"8.8"
"Argentina";"ARG";"Reserve League";"18-06-2026 15:00";"NS";"Boca Juniors Res.";"";"";"Lanús Res.";"";"";"";"";"";"32";"25";"38";"25";"50";"75";"88";"50";"12";"50";"0.2";"0.5";"19.6";"11.8";"10.1";"7";"10.1";"9.1";"6";"5.4";"2.6";"4.1";"1.2";"1.4";"3.2";"2";"4";"2.9";"3.7";"5.9";"4";"8.2"
"Argentina";"ARG";"Reserve League";"18-06-2026 15:00";"NS";"Ferro Carril Reserves";"";"";"Newell's Old Boys Res.";"";"";"";"";"";"18";"12";"38";"12";"56";"88";"50";"38";"25";"50";"0.1";"0";"19.3";"10.1";"9.4";"11.4";"7.8";"8";"4.4";"4";"3.8";"4";"1.7";"1.5";"2.7";"1.8";"3.8";"5.1";"3.4";"5.7";"4.4";"9.4"
"Argentina";"ARG";"Reserve League";"18-06-2026 15:00";"NS";"Huracán Res.";"";"";"Defensa y Justicia Res.";"";"";"";"";"";"31";"31";"12";"38";"63";"69";"62";"50";"25";"50";"0";"0.2";"17.2";"9.3";"8.9";"5.7";"10.6";"7.8";"4.9";"3.6";"1.9";"5.4";"1";"3";"2";"2.5";"4.2";"2.3";"5.2";"3.7";"4.9";"8"
"Bhutan";"BHU";"Bhutan Premier League";"18-06-2026 07:00";"NS";"Tsirang";"";"";"Tensung";"";"";"";"";"";"";"";"";"0";"";"";"";"";"";"";"";"";"";"";"";"";"";"";"";"";"";"";"";"";"";"";"";"";"";"";"";""
"Brazil";"BRA";"Brasileiro U20 B";"18-06-2026 15:00";"NS";"Ceará U20";"";"";"Internacional U20";"";"";"";"";"";"42";"29";"50";"0";"12";"71";"75";"33";"25";"67";"0";"0";"23.6";"21.2";"10";"8";"8";"8.8";"6.8";"3.7";"3.2";"4";"1.2";"1";"3";"2.3";"3.8";"2.8";"2.3";"8.5";"4.7";"9.1"
"Canada";"CAN";"PCSL";"18-06-2026 01:00";"NS";"Khalsa";"";"";"AFA";"";"";"";"";"";"34";"34";"0";"0";"50";"66";"";"";"";"";"";"";"";"";"";"";"";"";"";"";"";"";"";"";"";"";"";"";"";"";"";""
"Estonia";"EST";"Esiliiga A";"18-06-2026 12:00";"NS";"Nõmme United II";"";"";"Tallinna Kalev";"";"";"";"";"";"52";"17";"20";"14";"32";"83";"40";"43";"60";"57";"0.2";"0";"23.8";"11";"11.1";"14.6";"10.7";"9.8";"5";"4.4";"5.2";"4.9";"1.4";"1.9";"1.6";"2.1";"3.5";"6.8";"4";"5.6";"5.4";"10.9"
"Estonia";"EST";"Esiliiga A";"18-06-2026 12:00";"NS";"Levadia II";"";"";"Tartu Welco";"";"";"";"";"";"44";"25";"25";"38";"44";"75";"50";"75";"50";"25";"0.4";"0.2";"24.8";"14.9";"15.1";"9.6";"10.1";"10.1";"6";"6.4";"4.2";"3.6";"2.1";"2.1";"3.1";"2.2";"4.8";"4.9";"5.5";"7.2";"7";"12.3"
"Estonia";"EST";"Esiliiga A";"18-06-2026 13:00";"NS";"Elva";"";"";"Viimsi";"";"";"";"";"";"38";"19";"38";"29";"48";"81";"62";"57";"38";"29";"0";"0.3";"19.2";"11.4";"11.4";"9.1";"6.6";"8.6";"4.4";"5.1";"4";"3.7";"2";"2.4";"1.8";"2.7";"4.4";"4.8";"3.6";"4.5";"6";"9.4"
"Estonia";"EST";"Esiliiga A";"18-06-2026 13:00";"NS";"Maardu";"";"";"Nõmme Kalju U21";"";"";"";"";"";"42";"34";"17";"50";"34";"66";"33";"67";"67";"33";"0";"0.2";"26.8";"15.7";"11.8";"13.7";"12.5";"12.6";"6";"6";"7";"6.3";"2.7";"2.7";"2.8";"2.8";"5.5";"5.8";"5";"7.7";"5.2";"11.8"
"Estonia";"EST";"Esiliiga A";"18-06-2026 13:00";"NS";"FC Tallinn";"";"";"Flora II";"";"";"";"";"";"52";"40";"29";"75";"36";"60";"29";"0";"57";"100";"0";"0";"24.5";"11.4";"10.2";"13.6";"13.8";"11.5";"6.1";"5";"5.9";"6";"2.6";"2.5";"2.9";"2.8";"5.3";"6.1";"6";"6";"4.2";"11.1"
"Estonia";"EST";"Estonian Cup";"18-06-2026 13:00";"NS";"Team Helm";"";"";"Deliirium";"";"";"";"";"";"";"";"";"";"";"";"";"";"";"";"";"";"";"";"";"";"";"";"";"";"";"";"";"";"";"";"";"";"";"";"";""
"Estonia";"EST";"Esiliiga B";"18-06-2026 13:00";"NS";"Trans II";"";"";"Tartu Kalev";"";"";"";"";"";"86";"64";"86";"43";"14";"36";"86";"57";"14";"43";"0.7";"0.1";"29.4";"21.4";"12.6";"8.7";"16.1";"15.4";"11.3";"6.1";"5.3";"8.1";"2";"3.9";"6.1";"3";"7.5";"3.6";"9.3";"10.9";"6.6";"15.2"
"Estonia";"EST";"Esiliiga B";"18-06-2026 13:00";"NS";"Phoenix";"";"";"Legion";"";"";"";"";"";"64";"64";"62";"11";"11";"36";"62";"0";"38";"100";"0.6";"0";"28.8";"17.2";"6.8";"10.2";"23.5";"15.5";"9.2";"3";"6.2";"12.5";"3.8";"5.9";"4";"1.4";"7.5";"5.2";"10.8";"7.1";"3.5";"13.3"
"Estonia";"EST";"Esiliiga B";"18-06-2026 13:00";"NS";"Tammeka II";"";"";"Tabasalu";"";"";"";"";"";"72";"62";"67";"22";"11";"38";"67";"33";"33";"67";"0.6";"0.2";"27.2";"20.5";"9.1";"11";"13.8";"12.8";"9.4";"4.6";"5.2";"6.5";"2.2";"2.5";"4";"2.1";"5.4";"4.6";"6.1";"8.8";"4.2";"11.9"
"Estonia";"EST";"Small Cup";"18-06-2026 13:00";"NS";"Saku Sporting";"";"";"Tamper";"";"";"";"";"";"";"";"100";"";"";"";"";"";"";"";"";"";"";"";"";"";"";"";"";"";"";"";"";"";"";"";"";"";"";"";"";""
"Estonia";"EST";"Small Cup";"18-06-2026 14:15";"NS";"Laagri II";"";"";"Tallinna FC Zapoos";"";"";"";"";"";"";"";"";"";"";"";"";"";"";"";"";"";"";"";"";"";"";"";"";"";"";"";"";"";"";"";"";"";"";"";"";""
"Estonia";"EST";"U19 League";"18-06-2026 13:30";"NS";"Volta Põhja-Tallinna U19";"";"";"Paide U19";"";"";"";"";"";"50";"50";"100";"50";"25";"50";"50";"0";"0";"50";"1.5";"0";"";"";"";"";"";"";"";"";"";"";"";"";"";"";"";"";"";"";"";""
"Fiji";"FIJ";"FA Cup";"18-06-2026 22:00";"NS";"Lautoka";"";"";"Nasinu";"";"";"";"";"";"";"";"";"";"";"";"";"";"";"";"";"";"";"";"";"";"";"";"";"";"";"";"";"";"";"";"";"";"";"";"";""
"Finland";"FIN";"Veikkausliiga";"18-06-2026 06:59";"NS";"Oulu";"";"";"Mariehamn";"";"";"";"";"";"0";"0";"0";"0";"68";"100";"100";"0";"0";"100";"0.2";"0";"24";"11.2";"6.6";"11.2";"19";"7.3";"4.8";"1.4";"1.5";"7";"0.2";"3";"2.2";"0.6";"3";"6";"8.8";"3.8";"2.6";"10.6"
"Finland";"FIN";"Kolmonen - Eastern Group";"18-06-2026 12:30";"NS";"KoPa";"";"";"LAUTP / 2";"";"";"";"";"";"50";"25";"25";"0";"38";"75";"50";"0";"50";"50";"0";"0";"";"12";"";"12";"";"";"5.5";"";"6.5";"";"3.5";"";"2";"";"";"4";"";"4.5";"";""
"Finland";"FIN";"Kolmonen - Eastern Group";"18-06-2026 13:00";"NS";"ToU";"";"";"JIPPO II";"";"";"";"";"";"71";"29";"33";"0";"12";"71";"67";"25";"33";"75";"0";"0.2";"";"";"17.3";"";"17";"";"";"8";"";"6.7";"";"2.3";"";"2.3";"";"";"7.7";"";"6.3";""
"Finland";"FIN";"Kolmonen - Northern Group";"18-06-2026 12:30";"NS";"Ajax Sarkkiranta";"";"";"KePS";"";"";"";"";"";"25";"25";"0";"50";"50";"75";"";"";"";"";"";"";"";"";"";"";"";"";"";"";"";"";"";"";"";"";"";"";"";"";"";""
"Finland";"FIN";"Kolmonen - Western Group";"18-06-2026 13:00";"NS";"Nykarleby IK";"";"";"KPV Akatemia";"";"";"";"";"";"84";"50";"67";"0";"16";"50";"100";"0";"0";"100";"0.5";"0";"25.2";"15.5";"3";"13.5";"18.5";"13.2";"7";"2.5";"7";"10";"4.5";"5";"3.5";"2";"7.5";"8";"10.5";"8";"2";"14.2"
"Finland";"FIN";"Kolmonen - Western Group";"18-06-2026 13:00";"NS";"FC Sääripotku";"";"";"LBK";"";"";"";"";"";"34";"34";"0";"0";"33";"66";"";"";"";"";"";"";"";"";"";"";"";"";"";"";"";"";"";"";"";"";"";"";"";"";"";""
"Georgia";"GEO";"Crystalbet Erovnuli Liga";"18-06-2026 10:30";"NS";"Meshakhte";"";"";"Gagra";"";"";"";"";"";"19";"19";"0";"0";"62";"81";"12";"25";"38";"75";"0";"0.1";"18.8";"5.8";"9.1";"11.2";"11.5";"7.2";"1.6";"3.2";"4.9";"4.8";"2.2";"2.7";"0.4";"1.9";"3.6";"5";"6.4";"2.6";"3.4";"8.8"
"Georgia";"GEO";"Crystalbet Erovnuli Liga";"18-06-2026 13:00";"NS";"Dinamo Tbilisi";"";"";"Samgurali";"";"";"";"";"";"31";"19";"0";"12";"50";"81";"38";"12";"50";"75";"0.1";"0";"17.3";"11.6";"7.4";"6.8";"8.9";"7.8";"4.8";"3.2";"2.8";"4.8";"1.6";"2.2";"2";"1";"3.4";"2.1";"3.6";"4.7";"3.6";"7"
"Iceland";"ISL";"4. Deild";"18-06-2026 16:15";"NS";"Árborg";"";"";"Elliði";"";"";"";"";"";"58";"42";"100";"67";"16";"58";"100";"33";"0";"33";"1";"0.3";"27.4";"22.5";"17";"6";"9.3";"11.8";"9.5";"7";"2";"5";"0.5";"3";"5";"3.3";"5.9";"2";"6.3";"12.5";"8.3";"14.6"
"Iceland";"ISL";"4. Deild";"18-06-2026 16:15";"NS";"Hafnir";"";"";"KFR";"";"";"";"";"";"50";"50";"0";"0";"25";"50";"0";"0";"50";"100";"0.5";"0";"24.5";"15";"12.5";"14.5";"7";"10.2";"5";"5.5";"7.5";"2.5";"4.5";"2";"3.5";"2";"6";"8.5";"3.5";"9.5";"5.5";"13.5"
"Iceland";"ISL";"4. Deild";"18-06-2026 16:15";"NS";"Álafoss";"";"";"Hamar";"";"";"";"";"";"66";"50";"0";"67";"0";"50";"100";"33";"0";"67";"0";"0.3";"29.2";"8.5";"15";"21";"14";"12.8";"3";"6.7";"10";"6";"2.5";"3.7";"2.5";"4";"6.4";"9";"7.7";"4";"8.3";"14.5"
"Iceland";"ISL";"4. Deild";"18-06-2026 17:00";"NS";"IH Hafnarfjordur";"";"";"Álftanes";"";"";"";"";"";"50";"25";"0";"50";"0";"75";"50";"100";"50";"0";"0.5";"0.5";"19.8";"5.5";"14";"10";"10";"9.8";"2.5";"9";"4.5";"3.5";"1";"1";"1";"3.5";"3.2";"3";"2";"2";"7.5";"7.2"
"Iceland";"ISL";"U19 League";"18-06-2026 15:00";"NS";"FH / ÍH U19";"";"";"ÍA / Ka / Sk / VÓ U19";"";"";"";"";"";"72";"64";"83";"20";"18";"36";"67";"";"0";"";"1";"";"";"";"";"";"";"";"";"";"";"";"";"";"";"";"";"";"";"";"";""
"Iceland";"ISL";"U19 League B";"18-06-2026 16:30";"NS";"KR / KV U19";"";"";"Víkingur / BF108 U19";"";"";"";"";"";"88";"88";"100";"50";"12";"12";"";"";"";"";"";"";"";"";"";"";"";"";"";"";"";"";"";"";"";"";"";"";"";"";"";""
"Iceland";"ISL";"U19 League B";"18-06-2026 16:30";"NS";"Stjarnan / KFG U19";"";"";"Njar. / Grin. / Víð. U19";"";"";"";"";"";"84";"50";"50";"33";"8";"50";"";"";"";"";"";"";"";"";"";"";"";"";"";"";"";"";"";"";"";"";"";"";"";"";"";""
"Iceland";"ISL";"U19 League C";"18-06-2026 12:00";"NS";"Thór / T / V / M II U19";"";"";"Selfoss/Árborg/Stokk U19";"";"";"";"";"";"";"";"";"";"";"";"";"";"";"";"";"";"";"";"";"";"";"";"";"";"";"";"";"";"";"";"";"";"";"";"";""
"Kazakhstan";"KAZ";"First Division";"18-06-2026 07:00";"NS";"Tobol II";"";"";"Ekibastuz";"";"";"";"";"";"50";"30";"40";"0";"30";"70";"60";"40";"40";"60";"0.2";"0";"";"9";"";"9.2";"";"";"3";"";"3.2";"";"1.5";"";"2";"";"";"4.5";"";"5";"";""
"Kazakhstan";"KAZ";"First Division";"18-06-2026 08:00";"NS";"Astana II";"";"";"Sport Academy Kairat";"";"";"";"";"";"45";"22";"20";"75";"22";"78";"80";"100";"20";"0";"0.4";"0.2";"";"7";"";"8";"";"";"2.2";"";"2.6";"";"0.6";"";"0.6";"";"";"1.6";"";"1.6";"";""
"Kazakhstan";"KAZ";"First Division";"18-06-2026 09:00";"NS";"Akademiya Ontustik";"";"";"Yelimay II";"";"";"";"";"";"22";"0";"25";"0";"42";"100";"50";"0";"50";"100";"0";"0";"14.8";"8.5";"6";"4";"11";"3.2";"2.5";"0.7";"0.5";"2.7";"0.5";"0.7";"1";"0.3";"1.2";"2";"3";"3.5";"1.7";"5.1"
"Kazakhstan";"KAZ";"First Division";"18-06-2026 10:00";"NS";"Arys";"";"";"Kaspiy II";"";"";"";"";"";"45";"18";"20";"33";"36";"82";"20";"50";"80";"50";"0.2";"0";"19.4";"9.5";"7";"9.2";"13";"6.8";"1.5";"3.5";"3";"5.5";"2.3";"";"2";"";"";"6.7";"";"7";"";""
"Kazakhstan";"KAZ";"First Division";"18-06-2026 12:00";"NS";"Turan";"";"";"Aktobe Jas";"";"";"";"";"";"48";"30";"33";"0";"35";"70";"67";"0";"33";"100";"0.2";"0";"17.2";"8";"7.3";"5.3";"13.7";"5.2";"1";"2.3";"1";"6";"1";"1.7";"0.3";"0.7";"1.8";"2.3";"4.3";"1.7";"2.3";"5.4"
"Kyrgyzstan";"KGZ";"Top Liga";"18-06-2026 21:00";"NS";"Dordoi Bishkek";"";"";"Kara-Balta";"";"";"";"";"";"30";"20";"0";"20";"60";"80";"40";"25";"60";"75";"0.2";"0.2";"9.5";"2";"5.5";"3";"8.5";"4";"1.2";"2";"1.8";"3";"0.2";"";"0.6";"";"";"0.8";"";"1";"";""
"Kyrgyzstan";"KGZ";"Top Liga";"18-06-2026 21:00";"NS";"Toktogul";"";"";"Bishkek City";"";"";"";"";"";"32";"12";"25";"20";"20";"88";"0";"50";"100";"50";"0";"0.2";"";"";"3.5";"";"2.5";"";"";"2";"";"2";"";"0";"";"0";"";"";"0.5";"";"0";""
"Kuwait";"KUW";"Zain Premier League";"18-06-2026 21:00";"NS";"Al Fahaheel";"";"";"Kazma";"";"";"";"";"";"";"";"";"";"";"";"";"";"";"";"";"";"";"";"";"";"";"";"";"";"";"";"";"";"";"";"";"";"";"";"";""
"Kuwait";"KUW";"Zain Premier League";"18-06-2026 21:00";"NS";"Al Arabi SC";"";"";"Al Qadsia";"";"";"";"";"";"";"";"";"";"";"";"";"";"";"";"";"";"";"";"";"";"";"";"";"";"";"";"";"";"";"";"";"";"";"";"";""
"Kuwait";"KUW";"Zain Premier League";"18-06-2026 21:00";"NS";"Al Salmiyah";"";"";"Al Kuwait";"";"";"";"";"";"";"";"";"";"";"";"";"";"";"";"";"";"";"";"";"";"";"";"";"";"";"";"";"";"";"";"";"";"";"";"";""
"Lithuania";"LTU";"1. Lyga";"18-06-2026 13:00";"NS";"Neptūną Klaipėda";"";"";"Kauno Žalgiris II";"";"";"";"";"";"23";"0";"14";"0";"40";"100";"43";"17";"57";"83";"0";"0";"19.2";"10.3";"8.6";"10.3";"9.2";"7.4";"3.4";"3";"3.7";"4.8";"1.3";"3";"1";"1.4";"3.4";"5";"5.2";"4.6";"3.8";"9.3"
"Mongolia";"MNG";"Premier League";"18-06-2026 04:00";"NS";"Khovd Western";"";"";"Khangarid";"";"";"";"";"";"57";"50";"43";"43";"29";"50";"57";"71";"43";"29";"0.3";"0.3";"21";"5.5";"13.3";"18.2";"5";"10.6";"2.5";"6.3";"10";"2.3";"4.2";"1.3";"1.2";"3.2";"5";"7.8";"2.5";"3.5";"6.8";"10.2"
"Mongolia";"MNG";"Premier League";"18-06-2026 07:00";"NS";"Khovd";"";"";"Deren";"";"";"";"";"";"56";"50";"25";"38";"38";"50";"25";"38";"75";"62";"0.1";"0.5";"23";"9";"12.4";"15.5";"9.2";"11.3";"4.8";"6.6";"6.3";"4.8";"2.2";"2.2";"2";"2.6";"4.5";"6.2";"4";"4.2";"5.2";"9.8"
"Mozambique";"MOZ";"Mocambola";"18-06-2026 10:00";"NS";"Ferroviário Maputo";"";"";"Sofala";"";"";"";"";"";"";"";"0";"";"";"";"50";"";"50";"";"0";"";"";"";"";"";"";"";"";"";"";"";"";"";"";"";"";"";"";"";"";""
"Norway";"NOR";"NM Cupen U19";"18-06-2026 13:00";"NS";"Jerv U19";"";"";"Odd U19";"";"";"";"";"";"";"";"";"";"";"";"";"";"";"";"";"";"";"";"";"";"";"";"";"";"";"";"";"";"";"";"";"";"";"";"";""
"Norway";"NOR";"NM Cupen U19";"18-06-2026 13:00";"NS";"Åsane U19";"";"";"Fana U19";"";"";"";"";"";"";"";"";"";"";"";"";"";"";"";"";"";"";"";"";"";"";"";"";"";"";"";"";"";"";"";"";"";"";"";"";""
"Norway";"NOR";"NM Cupen U19";"18-06-2026 13:00";"NS";"Stabæk U19";"";"";"Fredrikstad U19";"";"";"";"";"";"";"";"";"";"";"";"";"";"";"";"";"";"";"";"";"";"";"";"";"";"";"";"";"";"";"";"";"";"";"";"";""
"Norway";"NOR";"NM Cupen U19";"18-06-2026 13:00";"NS";"Sandefjord U19";"";"";"Strømsgodset U19";"";"";"";"";"";"";"";"";"";"";"";"";"";"";"";"";"";"";"";"";"";"";"";"";"";"";"";"";"";"";"";"";"";"";"";"";""
"Norway";"NOR";"NM Cupen U19";"18-06-2026 13:00";"FT";"Bryne U19";"3";"3";"Viking U19";"2";"0";"";"";"";"";"";"";"";"";"";"";"";"";"";"";"";"";"";"";"";"";"";"";"";"";"";"";"";"";"";"";"";"";"";"";""
"Norway";"NOR";"NM Cupen U19";"18-06-2026 13:00";"POSTPONED";"TBC";"";"";"Flekkefjord U19";"";"";"";"";"";"";"";"";"";"";"";"";"";"";"";"";"";"";"";"";"";"";"";"";"";"";"";"";"";"";"";"";"";"";"";"";""
"Norway";"NOR";"NM Cupen U19";"18-06-2026 15:30";"NS";"Stjørdals-Blink U19";"";"";"Ranheim U19";"";"";"";"";"";"";"";"";"";"";"";"";"";"";"";"";"";"";"";"";"";"";"";"";"";"";"";"";"";"";"";"";"";"";"";"";""
"Sweden";"SWE";"Ettan: North";"18-06-2026 14:00";"NS";"Vasalund";"";"";"Karlberg";"";"";"";"";"";"46";"16";"40";"17";"26";"84";"60";"83";"40";"17";"0.2";"0.7";"23.4";"13.4";"12.5";"9.2";"11.7";"10.2";"6";"5.2";"3.4";"5.8";"1.2";"2.2";"2.6";"2.2";"4";"4.4";"4";"7.2";"5.8";"10.7"
"Sweden";"SWE";"Ettan: North";"18-06-2026 14:00";"NS";"Hammarby Talang";"";"";"Järfälla";"";"";"";"";"";"55";"8";"40";"33";"16";"92";"40";"67";"60";"33";"0";"0.3";"20.9";"15.2";"6.8";"6.8";"13";"8.6";"6.2";"2.7";"2.8";"5.5";"1.8";"1.7";"2";"1.3";"3.4";"4.2";"4.5";"6";"3.5";"9.1"
"Sweden";"SWE";"Ettan: North";"18-06-2026 14:00";"NS";"Gefle";"";"";"Stockholm Internazionale";"";"";"";"";"";"50";"20";"20";"20";"20";"80";"20";"80";"60";"0";"0.2";"0.2";"19.8";"9.6";"12";"7.4";"10.6";"9.6";"4.8";"6.6";"3.2";"4.6";"1.8";"2.2";"2.8";"3.8";"5.2";"5";"4.8";"6.5";"6.4";"11.4"
"Sweden";"SWE";"Ettan: North";"18-06-2026 14:30";"NS";"Sollentuna";"";"";"FBK Karlstad";"";"";"";"";"";"30";"10";"0";"40";"60";"90";"0";"60";"80";"40";"0";"0.2";"20.5";"11.6";"11.4";"7.4";"10.6";"8.7";"4.4";"5.6";"3.2";"4.2";"1.5";"1.8";"1.5";"2.4";"3.6";"4";"4.6";"4";"4.8";"8.7"
"Sweden";"SWE";"Ettan: North";"18-06-2026 14:30";"NS";"Arlanda";"";"";"Stocksund";"";"";"";"";"";"38";"28";"0";"20";"54";"72";"67";"20";"17";"80";"0.3";"0";"19.6";"10";"7.4";"10.2";"11.6";"8.9";"4";"4.2";"4.8";"4.8";"2.3";"2.6";"2.2";"2.6";"4.8";"4.3";"5";"5.2";"3.4";"9"
"Sweden";"SWE";"Ettan: South";"18-06-2026 14:00";"NS";"Tvååker";"";"";"Ängelholm";"";"";"";"";"";"10";"10";"0";"20";"45";"90";"67";"60";"33";"40";"0.2";"0.2";"19.4";"8.5";"8.8";"12.2";"9.4";"7.8";"2.3";"3.8";"4.8";"4.6";"1.8";"1.8";"0.8";"1.6";"3";"5.3";"4";"2.7";"2.6";"7.3"
"Sweden";"SWE";"Ettan: South";"18-06-2026 14:00";"NS";"Trelleborg";"";"";"Rosengård";"";"";"";"";"";"34";"8";"33";"17";"50";"92";"83";"83";"17";"17";"0.7";"0.3";"18.4";"13.3";"10.2";"8";"5.3";"7.8";"5.8";"3.5";"3.5";"2.8";"0.8";"1.2";"3.5";"1.3";"3.4";"2.3";"1.7";"8.2";"5";"8.6"
"Sweden";"SWE";"Ettan: South";"18-06-2026 14:00";"NS";"Skövde AIK";"";"";"Hässleholms IF";"";"";"";"";"";"34";"16";"0";"33";"58";"84";"50";"33";"17";"67";"0";"0.3";"18.3";"6";"7.3";"11.8";"11.5";"6.5";"2.7";"2.7";"3.3";"4.3";"1.5";"2";"1.3";"1.3";"3";"5";"5.3";"2.7";"2.7";"7.8"
"Sweden";"SWE";"Ettan: South";"18-06-2026 14:00";"NS";"Jönköpings Södra";"";"";"Lund";"";"";"";"";"";"30";"16";"50";"29";"37";"84";"100";"29";"0";"57";"0.3";"0.3";"20.3";"10.3";"11.3";"8.2";"10.9";"8.7";"4.2";"5.9";"2.5";"4.9";"0.8";"2.2";"2.3";"2.2";"3.8";"3.3";"5";"5";"5.5";"9.4"
"Sweden";"SWE";"Ettan: South";"18-06-2026 14:00";"NS";"Eskilsminne";"";"";"Trollhättan";"";"";"";"";"";"54";"26";"17";"0";"26";"74";"50";"40";"50";"60";"0";"0";"16.6";"8";"9.8";"6";"9.4";"8.4";"3.8";"5";"3.8";"4";"1.7";"2.8";"1.3";"1.8";"3.8";"2.8";"5.2";"3.5";"3.8";"7.6"
"Sweden";"SWE";"Division 2: Norra Gotaland";"18-06-2026 13:30";"NS";"Lidköping";"";"";"Husqvarna";"";"";"";"";"";"36";"10";"20";"50";"26";"90";"20";"83";"80";"17";"0";"0.7";"17.6";"7.5";"7.2";"11.2";"9.2";"8.7";"2.8";"4.4";"6.2";"4";"2.2";"1.6";"0.8";"2";"3.3";"4";"3.6";"3";"3.6";"7.1"
"Sweden";"SWE";"Division 2: Norra Gotaland";"18-06-2026 14:00";"NS";"Herrestads";"";"";"IFK Skovde";"";"";"";"";"";"67";"33";"50";"67";"33";"67";"83";"50";"17";"50";"0.7";"0.2";"19";"7.5";"12.3";"7.2";"10.8";"7.7";"3.5";"5.7";"2.8";"3.5";"1";"1";"2.3";"2.7";"3.5";"2.7";"4.7";"4.3";"4.7";"8.2"
"Sweden";"SWE";"Division 2: Norra Gotaland";"18-06-2026 14:00";"NS";"Grebbestad";"";"";"Vänersborgs IF";"";"";"";"";"";"25";"25";"17";"17";"34";"75";"33";"17";"67";"83";"0.2";"0";"";"";"8.7";"";"11.3";"";"";"4.5";"";"4.8";"";"2.7";"";"1.7";"";"";"5.3";"";"3";""
"Sweden";"SWE";"Division 2: Norra Gotaland";"18-06-2026 14:15";"NS";"Ahlafors";"";"";"Skara";"";"";"";"";"";"46";"28";"40";"33";"18";"72";"80";"67";"20";"33";"0.4";"0.2";"19.3";"14";"9.6";"7.6";"7.4";"8.5";"5.8";"4.6";"3.8";"2.8";"2";"0.8";"2.2";"1.8";"3.4";"3.4";"3.2";"4.2";"4.2";"7.6"
"Sweden";"SWE";"Division 2: Norra Gotaland";"18-06-2026 14:15";"NS";"Vänersborgs FK";"";"";"Stenungsund";"";"";"";"";"";"45";"26";"17";"0";"20";"74";"50";"40";"50";"60";"0.2";"0.2";"15.9";"5.8";"7";"10.8";"8.3";"7.8";"2.8";"2.7";"5.8";"4.3";"2";"2.3";"0.8";"1";"3";"3.2";"4";"2.8";"2.7";"6.4"
"Sweden";"SWE";"Division 2: Norra Gotaland";"18-06-2026 14:30";"NS";"Kumla";"";"";"Tord";"";"";"";"";"";"0";"0";"0";"0";"79";"100";"17";"50";"67";"50";"0";"0";"22.4";"16.7";"9.7";"9.3";"9";"9";"5.7";"4.7";"4";"3.7";"2";"2";"1.3";"1.3";"3.3";"5";"4.7";"7.3";"3";"10"
"Sweden";"SWE";"Division 2: Norra Svealand";"18-06-2026 07:30";"NS";"Gute";"";"";"Falu BS";"";"";"";"";"";"28";"0";"0";"0";"45";"100";"60";"17";"40";"67";"0.4";"0";"";"";"6.8";"";"8.2";"";"";"3.8";"";"3.2";"";"2";"";"1.2";"";"";"4.5";"";"2";""
"Sweden";"SWE";"Division 2: Norra Svealand";"18-06-2026 14:00";"NS";"Viggbyholms IK";"";"";"Ängby";"";"";"";"";"";"66";"33";"0";"50";"17";"67";"33";"67";"67";"33";"0";"0.3";"18.1";"12";"5";"12.2";"7";"8.5";"5.8";"2";"6.8";"2.5";"2.8";"";"2";"";"";"5.2";"";"4.8";"";""
"Sweden";"SWE";"Division 2: Norra Svealand";"18-06-2026 14:00";"NS";"Skiljebo";"";"";"Franke";"";"";"";"";"";"50";"16";"67";"17";"17";"84";"80";"20";"20";"80";"0.4";"0";"22";"11.2";"9";"7.5";"16.3";"8.4";"4.2";"3.3";"3.5";"5.7";"1.2";"2.7";"1.5";"0.7";"3";"3.5";"7.7";"5";"2.3";"9.2"
"Sweden";"SWE";"Division 2: Norrland";"18-06-2026 14:00";"NS";"Kubikenborg";"";"";"Gottne IF";"";"";"";"";"";"62";"12";"50";"75";"25";"88";"75";"33";"0";"0";"0";"0";"";"";"";"";"";"";"";"";"";"";"";"";"";"";"";"";"";"";"";""
"Sweden";"SWE";"Division 2: Norrland";"18-06-2026 14:00";"NS";"Fränsta";"";"";"Friska Viljor";"";"";"";"";"";"22";"10";"0";"0";"45";"90";"100";"25";"0";"25";"0.5";"0.2";"";"";"";"";"";"";"";"";"";"";"";"";"";"";"";"";"";"";"";""
"Sweden";"SWE";"Division 2: Norrland";"18-06-2026 14:30";"NS";"Storfors";"";"";"Täfteå";"";"";"";"";"";"80";"50";"40";"60";"20";"50";"20";"40";"80";"40";"0";"0";"";"3";"";"8.5";"";"";"2.5";"";"5";"";"2";"";"1.5";"";"";"4";"";"1.5";"";""
"Sweden";"SWE";"Division 2: Sodra Gotaland";"18-06-2026 14:00";"NS";"Solvesborg";"";"";"Räppe";"";"";"";"";"";"35";"26";"0";"0";"28";"74";"17";"40";"83";"60";"0";"0.2";"21.4";"13.3";"6";"9.3";"14";"10.8";"7.3";"3";"4.3";"6.8";"2.3";"3.2";"3.3";"1.5";"5.2";"4";"5.2";"6.3";"2.8";"9.2"
"Sweden";"SWE";"Division 2: Sodra Gotaland";"18-06-2026 14:00";"NS";"Staffanstorp United";"";"";"Linero";"";"";"";"";"";"25";"16";"17";"0";"17";"84";"50";"33";"50";"67";"0.3";"0.2";"16.8";"10.7";"9.7";"5.7";"7.7";"8.8";"5.3";"4";"3.2";"5";"0.8";"3";"2";"2.7";"4.2";"1.7";"4.7";"4.5";"4.7";"7.8"
"Sweden";"SWE";"Division 2: Sodra Gotaland";"18-06-2026 14:00";"NS";"Karlskrona";"";"";"Karlshamn";"";"";"";"";"";"30";"0";"20";"0";"40";"100";"80";"50";"0";"50";"0.2";"0";"17.8";"9";"8";"8";"10.5";"8.1";"4.5";"3.5";"2.8";"5.5";"0.5";"3.5";"2.5";"2.5";"4.5";"2.2";"4";"4.8";"4.5";"7.8"
"Sweden";"SWE";"Division 2: Vastra Gotaland";"18-06-2026 14:00";"NS";"Torslanda";"";"";"Vastra Frolunda";"";"";"";"";"";"36";"28";"0";"60";"26";"72";"67";"25";"33";"50";"0";"0.5";"17";"9";"7";"9.3";"8.8";"6.6";"3.3";"2.8";"4.3";"2.8";"2.3";"2";"1.5";"1.2";"3.5";"3.7";"6";"4.5";"2.2";"8.2"
"Sweden";"SWE";"Division 2: Vastra Gotaland";"18-06-2026 14:30";"NS";"Qviding FIF";"";"";"Galtabäcks";"";"";"";"";"";"58";"33";"17";"0";"16";"67";"40";"20";"60";"80";"0.2";"0.2";"21";"11.7";"7.8";"14";"8.4";"9.6";"5";"4.4";"5";"4.8";"2.3";"2.8";"2";"1.5";"4.2";"4.7";"4.2";"4";"4";"8.4"
"Sweden";"SWE";"Division 2: Vastra Gotaland";"18-06-2026 14:30";"NS";"Lindome";"";"";"Astorps FF";"";"";"";"";"";"58";"33";"0";"17";"16";"67";"17";"33";"83";"67";"0.3";"0";"18.6";"7.3";"13.3";"8";"8.5";"8";"2.5";"5.3";"4.5";"3.7";"1.8";"1.8";"1";"2.8";"3.8";"4.2";"3.3";"3.8";"5.7";"8.5"
"Sweden";"SWE";"Division 2: Vastra Gotaland";"18-06-2026 14:30";"NS";"Böljan";"";"";"Onsala";"";"";"";"";"";"46";"18";"20";"0";"35";"82";"75";"33";"25";"67";"0";"0";"19.9";"14.5";"5.8";"9.5";"10";"8.5";"6";"2.2";"4.2";"4.5";"1.3";"1.2";"2.7";"0.8";"3";"3";"3.8";"8";"2.5";"8.6"
"Sweden";"SWE";"Division 2: Vastra Gotaland";"18-06-2026 14:30";"NS";"Dalstorps";"";"";"Astrio";"";"";"";"";"";"42";"25";"33";"17";"50";"75";"67";"0";"17";"67";"0.2";"0";"20.4";"8.8";"9.6";"7";"15.4";"8.5";"4.6";"4";"2.4";"6";"1.2";"2.2";"1.8";"2.8";"4";"3.2";"6.8";"4.4";"6.2";"10.3"
"Sweden";"SWE";"U21 League";"18-06-2026 06:00";"POSTPONED";"Djurgården U21";"";"";"Brommapojkarna U21";"";"";"";"";"";"";"";"";"";"";"";"";"";"";"";"";"";"";"";"";"";"";"";"";"";"";"";"";"";"";"";"";"";"";"";"";""
"Syria";"SYR";"Premier League";"18-06-2026 21:00";"NS";"Al Jaish";"";"";"Al Futuwa";"";"";"";"";"";"25";"10";"20";"20";"70";"90";"40";"10";"50";"80";"0";"0.1";"";"";"8.5";"";"12.5";"";"";"0.5";"";"2.5";"";"1";"";"0.5";"";"";"7.5";"";"2.5";""
"Syria";"SYR";"Premier League";"18-06-2026 21:00";"NS";"Hottin";"";"";"Khan Sheikhoun";"";"";"";"";"";"30";"20";"10";"0";"55";"80";"50";"20";"40";"80";"0.2";"0.2";"";"";"";"";"";"";"";"";"";"";"";"";"";"";"";"";"";"";"";""
"Syria";"SYR";"Premier League";"18-06-2026 21:00";"NS";"Jabala";"";"";"Homs Al Fidaa";"";"";"";"";"";"5";"0";"0";"20";"50";"100";"30";"60";"70";"20";"0.2";"0.1";"";"";"14.5";"";"6.5";"";"";"1.5";"";"0.5";"";"0.5";"";"0";"";"";"2.5";"";"8.5";""
"Syria";"SYR";"Premier League";"18-06-2026 21:00";"NS";"Horriya";"";"";"Damascus Al Ahli";"";"";"";"";"";"20";"15";"10";"0";"55";"85";"30";"40";"60";"60";"0.1";"0.2";"";"11.3";"";"8.4";"";"";"1.7";"";"1.6";"";"0.6";"";"0.6";"";"";"4.1";"";"5";"";""
"Syria";"SYR";"Premier League";"18-06-2026 21:00";"NS";"Wahda";"";"";"Al-Ittihad Aleppo";"";"";"";"";"";"40";"35";"40";"40";"35";"65";"60";"70";"40";"30";"0.2";"0.2";"";"";"";"";"";"";"";"";"";"";"";"";"";"";"";"";"";"";"";""
"Syria";"SYR";"Premier League";"18-06-2026 21:00";"NS";"Umayya";"";"";"Taliya";"";"";"";"";"";"30";"5";"0";"10";"50";"95";"40";"33";"50";"56";"0.2";"0";"";"";"15";"";"14";"";"";"2";"";"4";"";"";"";"";"";"";"";"";"";""
"Syria";"SYR";"Premier League";"18-06-2026 21:00";"NS";"Al Shouleh";"";"";"Tishreen";"";"";"";"";"";"20";"10";"0";"10";"75";"90";"22";"80";"56";"10";"0";"0.3";"";"";"";"";"";"";"";"";"";"";"";"";"";"";"";"";"";"";"";""
"Syria";"SYR";"Premier League";"18-06-2026 21:00";"NS";"Al Karama";"";"";"Al Shorta";"";"";"";"";"";"30";"15";"10";"0";"60";"85";"56";"20";"33";"70";"0.3";"0";"";"";"";"";"";"";"";"";"";"";"";"";"";"";"";"";"";"";"";""
"Tanzania";"TAN";"Ligi kuu Bara";"18-06-2026 08:00";"NS";"Mbeya City";"";"";"Simba";"";"";"";"";"";"15";"10";"10";"30";"65";"90";"30";"50";"50";"10";"0.1";"0.3";"14.3";"3.4";"11.4";"5.8";"8";"4.8";"0.9";"4.4";"1.4";"2.8";"0.6";"1.3";"0.4";"2.4";"2.4";"2.7";"3.3";"1.4";"5.8";"6.6"
"Tanzania";"TAN";"Ligi kuu Bara";"18-06-2026 10:00";"NS";"JKT Tanzania";"";"";"Tanzania Prisons";"";"";"";"";"";"15";"5";"10";"10";"65";"95";"60";"33";"30";"67";"0.2";"0.2";"17.4";"8.7";"6";"6.8";"13.3";"6.4";"3.5";"2";"2.6";"4.7";"1.3";"2.7";"1.5";"1.3";"3.4";"2.8";"7.6";"4.5";"3";"9"
"Tanzania";"TAN";"Ligi kuu Bara";"18-06-2026 10:00";"NS";"Pamba Jiji";"";"";"Mtibwa Sugar";"";"";"";"";"";"15";"5";"20";"0";"55";"95";"50";"20";"40";"60";"0.1";"0.1";"15.2";"7";"4.9";"7.1";"11.5";"6.4";"2.6";"1.9";"3.1";"5";"2";"2.6";"1.1";"1.2";"3.5";"3.9";"6.4";"3.1";"2.9";"8.1"
"United States";"USA";"USL League Two";"18-06-2026 00:00";"NS";"Capo II";"";"";"City SC";"";"";"";"";"";"50";"25";"50";"0";"25";"75";"";"";"";"";"";"";"";"";"";"";"";"";"";"";"";"";"";"";"";"";"";"";"";"";"";""
"United States";"USA";"USL League Two";"18-06-2026 20:00";"NS";"Lansing City";"";"";"Midwest United";"";"";"";"";"";"50";"34";"0";"33";"33";"66";"";"100";"";"0";"";"0.5";"";"";"";"";"";"";"";"";"";"";"";"";"";"";"";"";"";"";"";""
"United States";"USA";"USL League Two";"18-06-2026 20:00";"NS";"Real Central New Jersey";"";"";"Ocean City Nor'easters";"";"";"";"";"";"58";"58";"67";"50";"42";"42";"100";"100";"0";"0";"0.5";"1";"";"";"10.5";"";"9.5";"";"";"6";"";"2.5";"";"1.5";"";"3";"";"";"4.5";"";"6.5";""
"United States";"USA";"USL League Two";"18-06-2026 21:00";"NS";"Texoma";"";"";"West Texas";"";"";"";"";"";"";"";"25";"";"";"";"67";"";"33";"";"0.7";"";"";"15.5";"";"7";"";"";"8";"";"1.5";"";"0.5";"";"4.5";"";"";"3";"";"8";"";""
"United States";"USA";"USL League Two";"18-06-2026 22:30";"NS";"Utah United";"";"";"Atlético Unión";"";"";"";"";"";"";"";"50";"";"";"";"75";"";"25";"";"0.5";"";"";"10.8";"";"5.2";"";"";"6";"";"3.8";"";"1.8";"";"2";"";"";"2.5";"";"4.5";"";""
"United States";"USA";"USL League Two";"18-06-2026 22:30";"NS";"Flatirons Rush";"";"";"Albion Colorado";"";"";"";"";"";"";"";"";"50";"";"";"";"50";"";"50";"";"0.5";"";"";"";"";"";"";"";"";"";"";"";"";"";"";"";"";"";"";"";""
"United States";"USA";"USL League Two";"18-06-2026 23:00";"NS";"Ballard";"";"";"Bigfoot";"";"";"";"";"";"33";"16";"67";"0";"16";"84";"100";"0";"0";"100";"1";"0";"13.4";"9.7";"5.5";"2.7";"9";"8.2";"5.3";"3.5";"0.7";"7";"0";"4";"2.3";"1";"3.6";"1";"4.5";"5";"2";"6.2"
"United States";"USA";"USL League Two";"18-06-2026 23:00";"NS";"San Juan SC";"";"";"San Francisco City";"";"";"";"";"";"58";"34";"0";"67";"29";"66";"50";"50";"50";"50";"0";"1";"";"12.2";"";"14.5";"";"";"6.2";"";"5.5";"";"3";"";"2";"";"";"8.8";"";"3.5";"";""
"United States";"USA";"WPSL";"18-06-2026 20:00";"NS";"PA Classics W";"";"";"LVU Rush W";"";"";"";"";"";"";"";"";"50";"";"";"";"";"";"";"";"";"";"";"";"";"";"";"";"";"";"";"";"";"";"";"";"";"";"";"";""
"United States";"USA";"WPSL";"18-06-2026 20:00";"NS";"Beadling W";"";"";"Cleveland Internationals W";"";"";"";"";"";"";"";"";"50";"";"";"";"";"";"";"";"";"";"";"";"";"";"";"";"";"";"";"";"";"";"";"";"";"";"";"";""
"United States";"USA";"WPSL";"18-06-2026 20:00";"NS";"Side FC 92 W";"";"";"Oklahoma City W";"";"";"";"";"";"";"";"";"0";"";"";"";"";"";"";"";"";"";"";"";"";"";"";"";"";"";"";"";"";"";"";"";"";"";"";"";""
"United States";"USA";"WPSL";"18-06-2026 21:00";"NS";"SouthStar W";"";"";"Dallas W";"";"";"";"";"";"";"";"";"";"";"";"";"";"";"";"";"";"";"";"";"";"";"";"";"";"";"";"";"";"";"";"";"";"";"";"";""
"United States";"USA";"WPSL";"18-06-2026 21:00";"NS";"Colorado Pride W";"";"";"Colorado Elevation";"";"";"";"";"";"";"";"";"0";"";"";"";"";"";"";"";"";"";"";"";"";"";"";"";"";"";"";"";"";"";"";"";"";"";"";"";""
"United States";"USA";"MLS Next Pro";"18-06-2026 20:00";"NS";"Connecticut United";"";"";"FC Cincinnati II";"";"";"";"";"";"29";"0";"0";"0";"50";"100";"25";"0";"50";"100";"0";"0";"23.4";"12.5";"9.2";"8.2";"16.8";"8.6";"5";"3.5";"2.8";"5.8";"1";"2.7";"3";"2.2";"4.4";"3.2";"8.3";"6.2";"4.7";"11.2"
"United States";"USA";"USL W League";"18-06-2026 19:00";"NS";"Flatirons II W";"";"";"Albion Colorado W";"";"";"";"";"";"";"";"";"0";"";"";"";"0";"";"50";"";"0";"";"";"";"";"";"";"";"";"";"";"";"";"";"";"";"";"";"";"";""
"United States";"USA";"USL W League";"18-06-2026 19:00";"NS";"Steel City W";"";"";"Flower City 1872 W";"";"";"";"";"";"50";"25";"0";"50";"50";"75";"0";"50";"50";"50";"0";"0.5";"";"";"";"";"";"";"";"";"";"";"";"";"";"";"";"";"";"";"";""
"United States";"USA";"USL W League";"18-06-2026 21:00";"NS";"AHFC Royals W";"";"";"Challenge W";"";"";"";"";"";"";"";"67";"";"";"";"50";"";"0";"";"0";"";"";"";"";"";"";"";"";"";"";"";"";"";"";"";"";"";"";"";"";""
"United States";"USA";"USL W League";"18-06-2026 22:30";"NS";"Bigfoot W";"";"";"Oly Town W";"";"";"";"";"";"58";"34";"0";"0";"16";"66";"33";"33";"67";"67";"0.3";"0";"";"";"";"";"";"";"";"";"";"";"";"";"";"";"";"";"";"";"";""
"United States";"USA";"USL W League";"18-06-2026 23:00";"NS";"Pleasanton Rage W";"";"";"Stockton Cargo W";"";"";"";"";"";"16";"0";"0";"33";"67";"100";"33";"0";"67";"100";"0";"0";"";"";"";"";"";"";"";"";"";"";"";"";"";"";"";"";"";"";"";""
"United States";"USA";"UWS";"18-06-2026 20:00";"NS";"Flint City W";"";"";"Troy City W";"";"";"";"";"";"";"";"";"";"";"";"";"";"";"";"";"";"";"";"";"";"";"";"";"";"";"";"";"";"";"";"";"";"";"";"";""
"United States";"USA";"UWS";"18-06-2026 20:30";"NS";"Michigan Stars W";"";"";"Michigan Jaguars W";"";"";"";"";"";"";"";"";"100";"";"";"";"";"";"";"";"";"";"";"";"";"";"";"";"";"";"";"";"";"";"";"";"";"";"";"";""
"United States";"USA";"UWS";"18-06-2026 21:00";"NS";"Pontiac W";"";"";"Pinnacle W";"";"";"";"";"";"";"";"33";"";"";"";"";"";"";"";"";"";"";"";"";"";"";"";"";"";"";"";"";"";"";"";"";"";"";"";"";""
"United States";"USA";"UWS";"18-06-2026 23:00";"NS";"Internacional CA W";"";"";"United City II";"";"";"";"";"";"";"";"33";"";"";"";"";"";"";"";"";"";"";"";"";"";"";"";"";"";"";"";"";"";"";"";"";"";"";"";"";""
"Estonia";"EST";"Meistriliiga Women";"18-06-2026 13:00";"NS";"Flora W";"";"";"Viimsi W";"";"";"";"";"";"62";"50";"50";"17";"29";"50";"75";"67";"25";"17";"0.5";"0.7";"30.4";"18.5";"18.8";"11";"12.5";"15.4";"9.5";"9.8";"5.8";"5.8";"3.5";"3.3";"5.2";"5.3";"8.8";"5.5";"5.8";"8";"9.3";"14.4"
"Iceland";"ISL";"Womens Cup";"18-06-2026 14:30";"NS";"Thróttur Reykjavík W";"";"";"Víkingur Reykjavík W";"";"";"";"";"";"";"";"";"";"";"";"";"";"";"";"";"";"";"";"";"";"";"";"";"";"";"";"";"";"";"";"";"";"";"";"";""
"Iceland";"ISL";"Womens Cup";"18-06-2026 17:15";"NS";"Grindavík / Njardvík W";"";"";"Stjarnan W";"";"";"";"";"";"";"";"";"";"";"";"";"";"";"";"";"";"";"";"";"";"";"";"";"";"";"";"";"";"";"";"";"";"";"";"";""
"Iceland";"ISL";"2. Deild Women";"18-06-2026 16:15";"NS";"Einherji W";"";"";"Dalvík / Reynir W";"";"";"";"";"";"";"";"100";"";"";"";"";"";"";"";"";"";"";"";"";"";"";"";"";"";"";"";"";"";"";"";"";"";"";"";"";""
"Iceland";"ISL";"2. Deild Women";"18-06-2026 16:15";"NS";"Augnablik W";"";"";"Afturelding W";"";"";"";"";"";"58";"58";"33";"50";"25";"42";"";"";"";"";"";"";"";"";"";"";"";"";"";"";"";"";"";"";"";"";"";"";"";"";"";""
"Iceland";"ISL";"2. Deild Women";"18-06-2026 16:15";"NS";"ÍR W";"";"";"Fjölnir W";"";"";"";"";"";"75";"34";"0";"67";"25";"66";"";"";"";"";"";"";"";"";"";"";"";"";"";"";"";"";"";"";"";"";"";"";"";"";"";""
"Lithuania";"LTU";"A Lyga Women";"18-06-2026 14:00";"NS";"Kauno rajono FA";"";"";"Gintra W";"";"";"";"";"";"20";"10";"0";"40";"70";"90";"75";"0";"0";"50";"0.8";"0";"";"8.5";"";"17.8";"";"";"3.5";"";"7.5";"";"3.5";"";"2.2";"";"";"7.2";"";"5.2";"";""
"Lithuania";"LTU";"A Lyga Women";"18-06-2026 14:00";"NS";"TransINVEST Vilnius W";"";"";"FK Žalgiris W";"";"";"";"";"";"38";"12";"0";"0";"62";"88";"";"0";"";"33";"";"0";"";"";"19";"";"5.7";"";"";"10";"";"2.3";"";"0.3";"";"5.3";"";"";"1.7";"";"10.3";""
"Sweden";"SWE";"Elitettan Women";"18-06-2026 13:30";"NS";"Jitex W";"";"";"KIF Orebro W";"";"";"";"";"";"62";"38";"25";"50";"12";"62";"50";"75";"50";"25";"0.2";"0";"23.2";"13.5";"16.2";"9";"7.5";"11.5";"7.5";"7.2";"4.5";"3.8";"2.7";"1.7";"3.3";"2.7";"5.2";"4";"3.7";"6.3";"8.3";"11.2"
"Sweden";"SWE";"Elitettan Women";"18-06-2026 14:00";"NS";"Linkoping W";"";"";"Alingsås W";"";"";"";"";"";"12";"12";"50";"0";"62";"88";"75";"25";"25";"75";"0.2";"0";"";"";"9.5";"";"9.5";"";"";"4";"";"2";"";"1";"";"2.5";"";"";"6.5";"";"5";""
"Sweden";"SWE";"Elitettan Women";"18-06-2026 14:00";"NS";"Husqvarna W";"";"";"Elfsborg W";"";"";"";"";"";"12";"0";"0";"25";"62";"100";"25";"100";"75";"0";"0";"0.5";"18.6";"4.5";"16.7";"10";"6";"7";"1.8";"6.3";"3.2";"2.7";"1.2";"1";"0.8";"2";"2.5";"4";"2.7";"2.5";"7.3";"8.2"
"World";"WOR";"Club Friendlies 3";"18-06-2026 12:00";"NS";"IFK Göteborg";"";"";"Vålerenga";"";"";"";"";"";"";"";"";"";"";"";"";"";"";"";"";"";"";"";"";"";"";"";"";"";"";"";"";"";"";"";"";"";"";"";"";""
"World";"WOR";"Club Friendlies 3";"18-06-2026 13:00";"NS";"Brest";"";"";"Concarneau";"";"";"";"";"";"";"";"";"";"";"";"";"";"";"";"";"";"";"";"";"";"";"";"";"";"";"";"";"";"";"";"";"";"";"";"";""
"World";"WOR";"Club Friendlies 3";"18-06-2026 13:30";"NS";"Austria Klagenfurt";"";"";"Kapfenberger SV";"";"";"";"";"";"50";"25";"50";"0";"50";"75";"50";"67";"50";"33";"0";"0.7";"23.8";"11";"6.5";"18.5";"11.5";"10.8";"5.5";"3.5";"8";"4.5";"2.5";"";"1.5";"";"";"6.5";"";"3.5";"";""
"World";"WOR";"Club Friendlies 3";"18-06-2026 21:00";"NS";"Levski Sofia";"";"";"Akademik Svishtov";"";"";"";"";"";"";"";"25";"";"";"";"67";"";"0";"";"0.3";"";"";"10.5";"";"5.5";"";"";"6";"";"3.5";"";"1.5";"";"3";"";"";"2.5";"";"4.5";"";""