"Country ";"Short";"League ";"Hour";"Status";"Home Team";"Result Home";"Result Visitor";"Visitor Team";"Result Home HT";"Result Visitor HT";"Odds";"Odds";"Odds";"Odds";"Casa";"Fora";"Casa";"Fora";"Casa";"Fora";"Casa";"Fora";"Global";"Casa";"Fora";"Casa";"Fora";"Global";"Casa";"Fora";"Casa";"Fora";"Global";"Global";"Casa";"Fora";"Casa";"Fora";"Global";"Global";"Casa";"Fora";"Casa";"Fora";"Global";"Global";"Global";"Global";"Global";"Global";"Global";"Global";"Global";"Global"
"World";"WOR";"World Cup";"18-06-2026 13:00";"NS";"Czech Republic";"";"";"South Africa";"";"";"1.76";"4.53";"";"1.29";"53";"47";"10";"10";"";"";"53";"62";"19.1";"10.6";"11.4";"8.7";"7.6";"7.1";"0.8";"2";"1.9";"1.7";"3.2";"";"0.8";"1.8";"1.9";"1.5";"3";"";"0";"0.2";"0";"0.2";"0.2";"";"55";"40";"25";"80";"75";"60";"45";"20"
"World";"WOR";"World Cup";"18-06-2026 16:00";"NS";"Switzerland";"";"";"Bosnia and Herzegovina";"";"";"1.57";"5.79";"";"1.32";"57";"43";"10";"10";"";"";"58";"48";"22.2";"12.2";"13.6";"8.9";"9.8";"7.8";"0.5";"2.5";"1.5";"1.8";"3.2";"";"0.5";"2.5";"1.5";"1.5";"3";"";"0";"0";"0";"0.3";"0.2";"";"50";"40";"40";"80";"60";"60";"50";"20"
"World";"WOR";"World Cup";"18-06-2026 19:00";"NS";"Canada";"";"";"Qatar";"";"";"1.27";"11.14";"";"1.34";"50";"23";"10";"10";"";"";"52";"55";"19";"11.8";"9.7";"5.6";"10.9";"6.4";"2.6";"1.2";"2";"1.3";"3.6";"";"2.3";"1";"1.9";"1.1";"3.2";"";"0.3";"0.2";"0.1";"0.2";"0.4";"";"66";"46";"26";"84";"74";"54";"34";"16"
"World";"WOR";"World Cup";"18-06-2026 22:00";"NS";"Mexico";"";"";"Korea Republic";"";"";"1.96";"4.12";"";"1.33";"77";"63";"10";"10";"";"";"56";"56";"18";"11.9";"10.6";"6.3";"7.1";"7";"1.9";"1.4";"1.8";"1.1";"3.1";"";"1.8";"1.4";"1.5";"1.1";"2.9";"";"0.1";"0";"0.3";"0";"0.2";"";"55";"45";"20";"85";"80";"55";"45";"15"
"Brazil";"BRA";"Serie B";"18-06-2026 21:00";"NS";"Sport Recife";"";"";"Atlético GO";"";"";"";"";"";"";"63";"47";"10";"10";"3";"11";"50";"47";"26.5";"11.4";"15.1";"14.1";"12.4";"8.6";"2.8";"2.9";"3.2";"2.4";"5.6";"5.6";"2.6";"2.7";"3.1";"2.4";"5.4";"5.2";"0.2";"0.2";"0.1";"0";"0.2";"0.4";"85";"80";"80";"30";"20";"20";"15";"70"
"Sweden";"SWE";"Damallsvenskan";"18-06-2026 10:00";"NS";"Brommapojkarna W";"";"";"Vittsjo W";"";"";"";"";"";"";"50";"33";"10";"10";"8";"9";"42";"42";"20.2";"9.4";"5.9";"11.8";"13.4";"9.8";"0.4";"1.1";"1.1";"0.4";"1.6";"1.6";"0.4";"1.1";"1.1";"0.4";"1.6";"1.6";"0";"0";"0";"0";"0";"0";"16";"5";"0";"100";"100";"95";"84";"0"
"Sweden";"SWE";"Damallsvenskan";"18-06-2026 11:00";"NS";"Eskilstuna United W";"";"";"Pitea W";"";"";"";"";"";"";"47";"53";"10";"10";"5";"6";"46";"48";"16.4";"4.8";"11";"8";"8.9";"6.8";"0.9";"0.6";"1";"0.4";"1.4";"1.6";"0.8";"0.6";"1";"0.4";"1.4";"1.6";"0.1";"0";"0";"0";"0";"0";"33";"11";"0";"100";"100";"89";"67";"0"
"Sweden";"SWE";"Damallsvenskan";"18-06-2026 13:00";"NS";"Kristianstads W";"";"";"Uppsala W";"";"";"";"";"";"";"40";"30";"10";"10";"7";"14";"52";"47";"18.1";"8.5";"6.1";"7.7";"13.9";"9";"0.9";"0.8";"0.4";"0.3";"1.2";"1.6";"0.8";"0.8";"0.4";"0.3";"1.2";"1.6";"0.1";"0";"0";"0";"0";"0";"5";"0";"0";"100";"100";"100";"95";"0"
"Sweden";"SWE";"Damallsvenskan";"18-06-2026 13:00";"NS";"Häcken W";"";"";"Rosengard W";"";"";"";"";"";"";"83";"30";"10";"10";"1";"13";"49";"53";"19.5";"11.1";"13.1";"6.6";"8.3";"9.4";"0.9";"0.8";"1.4";"0.5";"1.8";"1.6";"0.9";"0.8";"1.4";"0.5";"1.8";"1.6";"0";"0";"0";"0";"0";"0";"25";"5";"0";"100";"100";"95";"75";"0"
"Sweden";"SWE";"Damallsvenskan";"18-06-2026 14:00";"NS";"Norrköping W";"";"";"Växjö W";"";"";"";"";"";"";"33";"33";"10";"10";"12";"11";"50";"49";"19.8";"6.4";"9.1";"13.3";"10.8";"8.6";"1";"0.7";"0.8";"0.7";"1.6";"1.6";"1";"0.7";"0.8";"0.6";"1.6";"1.6";"0";"0";"0";"0.1";"0";"0";"16";"6";"0";"100";"100";"94";"84";"0"
"Chile";"CHI";"Primera Division";"18-06-2026 21:00";"NS";"Universidad Chile";"";"";"O'Higgins";"";"";"1.97";"3.62";"";"";"57";"50";"10";"10";"9";"10";"56";"50";"27.4";"14.4";"16.3";"10.8";"13.2";"9.1";"3.1";"2.7";"2.7";"2.4";"5.4";"5.3";"3.1";"2.6";"2.6";"2.2";"5.2";"4.9";"0";"0.1";"0.1";"0.2";"0.2";"0.4";"100";"75";"60";"60";"40";"25";"0";"40"
"Argentina";"ARG";"Reserve League";"18-06-2026 15:00";"NS";"Quilmes Res.";"";"";"San Martín San Juan Res.";"";"";"";"";"";"";"53";"17";"10";"10";"7";"36";"48";"46";"18";"11.3";"6.6";"7.2";"11";"8.8";"2.6";"2.8";"2.9";"2.8";"5.6";"5.3";"2.5";"2.5";"2.2";"2.6";"4.9";"4.9";"0.1";"0.3";"0.7";"0.2";"0.6";"0.3";"80";"70";"55";"55";"45";"30";"20";"45"
"Argentina";"ARG";"Reserve League";"18-06-2026 15:00";"NS";"Independiente Res.";"";"";"Belgrano Córdoba Res.";"";"";"";"";"";"";"73";"73";"10";"10";"3";"12";"53";"52";"18.1";"9.5";"11";"8.2";"7.5";"8.3";"1.8";"3.8";"2.2";"3.3";"5.6";"5.3";"1.6";"3.7";"2.1";"3.2";"5.3";"4.9";"0.2";"0.1";"0.1";"0.1";"0.2";"0.3";"90";"90";"65";"50";"35";"10";"10";"50"
"Argentina";"ARG";"Reserve League";"18-06-2026 15:00";"NS";"Boca Juniors Res.";"";"";"Lanús Res.";"";"";"";"";"";"";"67";"53";"10";"10";"2";"5";"54";"63";"20";"12.2";"12.3";"7.6";"7.8";"8.2";"1.5";"1.4";"2.5";"2.9";"4.2";"5.3";"1.4";"1.4";"2.2";"2.6";"3.8";"4.9";"0.1";"0";"0.3";"0.3";"0.4";"0.3";"80";"65";"45";"80";"55";"35";"20";"20"
"Argentina";"ARG";"Reserve League";"18-06-2026 15:00";"NS";"Ferro Carril Reserves";"";"";"Newell's Old Boys Res.";"";"";"";"";"";"";"37";"67";"10";"10";"25";"4";"47";"48";"19.7";"9.3";"11.4";"11.5";"7.2";"8.2";"2.4";"1.8";"2";"2.3";"4.2";"5.3";"2.3";"1.8";"1.9";"2.3";"4.2";"4.9";"0.1";"0";"0.1";"0";"0.1";"0.3";"85";"65";"35";"85";"65";"35";"15";"15"
"Argentina";"ARG";"Reserve League";"18-06-2026 15:00";"NS";"Huracán Res.";"";"";"Defensa y Justicia Res.";"";"";"";"";"";"";"47";"60";"10";"10";"17";"6";"53";"52";"17.6";"7.9";"10.4";"8.9";"8.1";"8.4";"2.4";"2.3";"2.9";"2.2";"4.9";"5.3";"2.4";"1.7";"2.6";"1.9";"4.3";"4.9";"0";"0.6";"0.3";"0.3";"0.6";"0.3";"85";"80";"50";"65";"50";"20";"15";"35"
"Bhutan";"BHU";"Bhutan Premier League";"18-06-2026 07:00";"NS";"Tsirang";"";"";"Tensung";"";"";"";"";"";"";"50";"33";"10";"10";"5";"8";"";"43";"";"";"9";"";"19.3";"";"";"2.1";"";"1";"";"3.4";"";"2";"";"1";"";"3.4";"";"0.1";"";"0";"";"0";"";"";"";"";"";"";"";""
"Brazil";"BRA";"Brasileiro U20 B";"18-06-2026 15:00";"NS";"Ceará U20";"";"";"Internacional U20";"";"";"";"";"";"";"87";"80";"10";"10";"1";"2";"53";"57";"23.2";"17.4";"14";"8";"6.9";"8.8";"2.8";"2.4";"2.2";"2.3";"4.9";"5.3";"2.7";"2.3";"2.1";"2.3";"4.8";"4.9";"0.1";"0.1";"0.1";"0";"0.2";"0.4";"84";"72";"62";"50";"38";"28";"16";"50"
"Canada";"CAN";"PCSL";"18-06-2026 01:00";"NS";"Khalsa";"";"";"AFA";"";"";"";"";"";"";"27";"27";"10";"10";"4";"5";"";"";"";"";"";"";"";"";"";"";"";"";"";"0";"";"";"";"";"";"0";"";"";"";"";"";"0";"";"";"";"";"";"";"";""
"Estonia";"EST";"Esiliiga A";"18-06-2026 12:00";"NS";"Nõmme United II";"";"";"Tallinna Kalev";"";"";"";"";"";"";"40";"37";"10";"10";"5";"6";"48";"49";"26.8";"12.2";"11.5";"16";"13.8";"12.4";"2.1";"2";"2.4";"2.2";"4.4";"4.5";"2.1";"1.9";"2.3";"2.2";"4.2";"4.3";"0";"0.1";"0.1";"0";"0.1";"0.1";"70";"65";"55";"75";"45";"35";"30";"25"
"Estonia";"EST";"Esiliiga A";"18-06-2026 12:00";"NS";"Levadia II";"";"";"Tartu Welco";"";"";"";"";"";"";"30";"67";"10";"10";"10";"1";"58";"55";"28.4";"16.2";"15.9";"12.8";"11.8";"12.6";"2.3";"2.3";"2.7";"1.8";"4.6";"4.5";"2.3";"2.3";"2.7";"1.8";"4.6";"4.3";"0";"0";"0";"0";"0";"0.1";"90";"65";"45";"65";"55";"35";"10";"35"
"Estonia";"EST";"Esiliiga A";"18-06-2026 13:00";"NS";"Elva";"";"";"Viimsi";"";"";"";"";"";"";"43";"67";"10";"10";"3";"2";"49";"58";"23.4";"13.4";"13.5";"11";"8.8";"10.8";"1.7";"2.3";"2";"2.7";"4.4";"4.5";"1.6";"2.2";"2";"2.5";"4.2";"4.3";"0.1";"0.1";"0";"0.2";"0.2";"0.1";"85";"65";"40";"80";"60";"35";"15";"20"
"Estonia";"EST";"Esiliiga A";"18-06-2026 13:00";"NS";"Maardu";"";"";"Nõmme Kalju U21";"";"";"";"";"";"";"40";"43";"10";"10";"9";"7";"46";"49";"27.2";"13.3";"12.1";"13.5";"15.6";"12.2";"2.8";"2.2";"2.5";"1.1";"4.3";"4.5";"2.8";"2.2";"2.4";"1.1";"4.2";"4.3";"0";"0";"0.1";"0";"0";"0.1";"80";"55";"40";"65";"60";"45";"20";"35"
"Estonia";"EST";"Esiliiga A";"18-06-2026 13:00";"NS";"FC Tallinn";"";"";"Flora II";"";"";"";"";"";"";"30";"67";"10";"10";"8";"4";"40";"50";"26.6";"11.1";"12.2";"15.6";"14.2";"12.5";"2.9";"1.5";"2.7";"2.1";"4.6";"4.5";"2.8";"1.4";"2.6";"2.1";"4.4";"4.3";"0.1";"0.1";"0.1";"0";"0.2";"0.1";"80";"55";"50";"65";"50";"45";"20";"35"
"Estonia";"EST";"Estonian Cup";"18-06-2026 13:00";"NS";"Team Helm";"";"";"Deliirium";"";"";"";"";"";"";"53";"";"10";"";"";"";"";"";"";"";"";"";"";"";"3.5";"";"2.5";"";"";"";"3.5";"";"2";"";"";"";"0";"";"0.5";"";"";"";"";"";"";"";"";"";"";""
"Estonia";"EST";"Esiliiga B";"18-06-2026 13:00";"NS";"Trans II";"";"";"Tartu Kalev";"";"";"";"";"";"";"57";"27";"10";"10";"4";"6";"55";"50";"27.8";"19.3";"13";"9.6";"13.8";"14.2";"1.6";"2.9";"2";"2.7";"4.6";"4.3";"1.6";"2.7";"1.8";"2.6";"4.3";"4.1";"0";"0.2";"0.2";"0.1";"0.2";"0.2";"70";"60";"54";"52";"46";"40";"30";"48"
"Estonia";"EST";"Esiliiga B";"18-06-2026 13:00";"NS";"Phoenix";"";"";"Legion";"";"";"";"";"";"";"63";"23";"10";"10";"3";"10";"51";"38";"28.5";"15.2";"8.9";"10.7";"22.2";"14.8";"1.9";"2.7";"1.8";"1.1";"3.8";"4.3";"1.8";"2.7";"1.8";"1.1";"3.7";"4.1";"0.1";"0";"0";"0";"0";"0.2";"72";"38";"33";"78";"67";"62";"28";"22"
"Estonia";"EST";"Esiliiga B";"18-06-2026 13:00";"NS";"Tammeka II";"";"";"Tabasalu";"";"";"";"";"";"";"63";"50";"10";"10";"2";"8";"54";"44";"26";"17.6";"8.9";"12.5";"12.9";"12.6";"2.7";"1.7";"3.3";"1.5";"4.6";"4.3";"2.5";"1.6";"3";"1.4";"4.2";"4.1";"0.2";"0.1";"0.3";"0.1";"0.4";"0.2";"80";"60";"40";"65";"60";"40";"20";"35"
"Estonia";"EST";"Small Cup";"18-06-2026 13:00";"NS";"Saku Sporting";"";"";"Tamper";"";"";"";"";"";"";"30";"57";"10";"10";"";"";"";"";"";"";"";"";"";"";"2";"";"1";"";"";"0";"2";"";"1";"";"";"0";"0";"";"0";"";"";"0";"";"";"";"";"";"";"";""
"Estonia";"EST";"Small Cup";"18-06-2026 14:15";"NS";"Laagri II";"";"";"Tallinna FC Zapoos";"";"";"";"";"";"";"73";"73";"10";"10";"";"";"40";"";"";"15";"";"21";"";"";"2";"";"1.2";"";"";"0";"2";"";"1";"";"";"0";"0";"";"0.2";"";"";"0";"";"";"";"";"";"";"";""
"Estonia";"EST";"U19 League";"18-06-2026 13:30";"NS";"Volta Põhja-Tallinna U19";"";"";"Paide U19";"";"";"";"";"";"";"47";"33";"10";"10";"4";"9";"45";"";"";"13";"";"23";"";"";"2.3";"";"1";"";"";"4";"2.3";"";"1";"";"";"4";"0";"";"0";"";"";"0";"";"";"";"";"";"";"";""
"Fiji";"FIJ";"FA Cup";"18-06-2026 22:00";"NS";"Lautoka";"";"";"Nasinu";"";"";"";"";"";"";"63";"47";"10";"10";"";"";"51";"41";"12.6";"7.7";"4.3";"6.7";"6.7";"8.6";"1.6";"1.8";"2.6";"1.8";"3.8";"";"1.6";"1.2";"1.8";"1.5";"3.1";"";"0";"0.5";"0.8";"0.2";"0.8";"";"68";"55";"32";"68";"68";"45";"32";"32"
"Finland";"FIN";"Veikkausliiga";"18-06-2026 06:59";"NS";"Oulu";"";"";"Mariehamn";"";"";"1.38";"7.28";"";"";"53";"27";"10";"10";"2";"12";"47";"46";"24";"10.3";"8.6";"11.2";"17.8";"8.4";"1.5";"1.4";"2.4";"1.5";"3.4";"3.5";"1.4";"1.4";"2.1";"1.5";"3.2";"3.4";"0.1";"0";"0.3";"0";"0.2";"0.2";"70";"45";"35";"85";"65";"55";"30";"15"
"Finland";"FIN";"Kolmonen - Eastern Group";"18-06-2026 12:30";"NS";"KoPa";"";"";"LAUTP / 2";"";"";"";"";"";"";"43";"13";"10";"10";"8";"12";"41";"38";"28.8";"9.2";"9.7";"13";"25.7";"12.7";"1.8";"1";"1.4";"1.3";"2.8";"2.8";"1.8";"1";"1.4";"1.3";"2.8";"2.7";"0";"0";"0";"0";"0";"0.1";"56";"36";"0";"100";"100";"64";"44";"0"
"Finland";"FIN";"Kolmonen - Eastern Group";"18-06-2026 13:00";"NS";"ToU";"";"";"JIPPO II";"";"";"";"";"";"";"33";"30";"10";"10";"5";"6";"43";"57";"19.6";"5.4";"8.1";"16.4";"9.3";"9";"1.6";"1.7";"1";"1.7";"3";"2.8";"1.6";"1.6";"1";"1.7";"3";"2.7";"0";"0.1";"0";"0";"0";"0.1";"63";"38";"10";"100";"90";"62";"37";"0"
"Finland";"FIN";"Kolmonen - Northern Group";"18-06-2026 12:30";"NS";"Ajax Sarkkiranta";"";"";"KePS";"";"";"";"";"";"";"33";"50";"10";"10";"7";"5";"46";"41";"35.2";"11.5";"18.5";"17";"23.5";"13.2";"1";"2.5";"1";"1";"2.8";"2.6";"1";"2";"1";"1";"2.5";"2.4";"0";"0.5";"0";"0";"0.2";"0.2";"50";"50";"25";"100";"75";"50";"50";"0"
"Finland";"FIN";"Kolmonen - Western Group";"18-06-2026 13:00";"NS";"Nykarleby IK";"";"";"KPV Akatemia";"";"";"";"";"";"";"40";"20";"10";"10";"6";"10";"43";"52";"22.6";"9.2";"9.4";"12";"14.6";"11.5";"1.8";"1";"1.6";"1";"2.7";"3.3";"1.8";"1";"1.6";"1";"2.7";"3.2";"0";"0";"0";"0";"0";"0.1";"60";"20";"20";"100";"80";"80";"40";"0"
"Finland";"FIN";"Kolmonen - Western Group";"18-06-2026 13:00";"NS";"FC Sääripotku";"";"";"LBK";"";"";"";"";"";"";"0";"20";"10";"10";"12";"11";"39";"49";"26";"4";"10.5";"25.3";"12.3";"13.6";"0.7";"2.3";"0";"1.7";"2.4";"3.3";"0.7";"2.2";"0";"1.7";"2.2";"3.2";"0";"0.2";"0";"0";"0.1";"0.1";"50";"34";"16";"100";"84";"66";"50";"0"
"Georgia";"GEO";"Crystalbet Erovnuli Liga";"18-06-2026 10:30";"NS";"Meshakhte";"";"";"Gagra";"";"";"";"";"";"";"7";"40";"10";"10";"10";"9";"46";"43";"18.6";"6.7";"9.3";"10.6";"10.6";"7.4";"2.2";"1.8";"1.7";"2.1";"3.9";"4.6";"2.2";"1.8";"1.7";"2";"3.8";"4.4";"0";"0";"0";"0.1";"0";"0.2";"85";"55";"40";"75";"60";"45";"15";"25"
"Georgia";"GEO";"Crystalbet Erovnuli Liga";"18-06-2026 13:00";"NS";"Dinamo Tbilisi";"";"";"Samgurali";"";"";"";"";"";"";"60";"53";"10";"10";"4";"6";"50";"51";"21.4";"12.1";"11.4";"8.4";"11";"9.1";"2.6";"2.4";"1.9";"2.8";"4.8";"4.6";"2.3";"2.4";"1.9";"2.6";"4.6";"4.4";"0.3";"0";"0";"0.2";"0.2";"0.2";"90";"60";"55";"50";"45";"40";"10";"50"
"Iceland";"ISL";"4. Deild";"18-06-2026 16:15";"NS";"Árborg";"";"";"Elliði";"";"";"";"";"";"";"70";"53";"10";"10";"3";"4";"55";"47";"25.4";"14.2";"14.3";"12.2";"10.2";"11.1";"1.3";"2";"2.3";"2.9";"4.3";"3.8";"1.3";"1.9";"2.3";"2.7";"4.2";"3.7";"0";"0.1";"0";"0.1";"0.2";"0.2";"76";"54";"40";"86";"60";"46";"24";"14"
"Iceland";"ISL";"4. Deild";"18-06-2026 16:15";"NS";"Hafnir";"";"";"KFR";"";"";"";"";"";"";"23";"37";"10";"10";"8";"6";"47";"50";"26.4";"13";"13";"15.4";"11.3";"11.8";"2.6";"1.8";"1.4";"1.3";"3.6";"3.8";"2.4";"1.8";"1";"1.3";"3.3";"3.7";"0.2";"0";"0.4";"0";"0.3";"0.2";"74";"45";"18";"90";"82";"55";"26";"10"
"Iceland";"ISL";"4. Deild";"18-06-2026 16:15";"NS";"Álafoss";"";"";"Hamar";"";"";"";"";"";"";"30";"73";"10";"10";"10";"2";"41";"47";"30.9";"8";"16.2";"24";"13.6";"14.3";"2.2";"1.6";"1.8";"1.4";"3.5";"3.8";"2.2";"1.6";"1.8";"1.4";"3.5";"3.7";"0";"0";"0";"0";"0";"0.2";"60";"50";"40";"90";"60";"50";"40";"10"
"Iceland";"ISL";"4. Deild";"18-06-2026 17:00";"NS";"IH Hafnarfjordur";"";"";"Álftanes";"";"";"";"";"";"";"10";"100";"10";"10";"9";"1";"45";"54";"26";"11.9";"13";"16.3";"10.8";"11.9";"2.4";"1.4";"1.3";"2.2";"3.6";"3.8";"2.3";"1.4";"1.3";"2.2";"3.6";"3.7";"0.1";"0";"0";"0";"0";"0.2";"83";"52";"24";"93";"76";"48";"17";"7"
"Iceland";"ISL";"U19 League";"18-06-2026 15:00";"NS";"FH / ÍH U19";"";"";"ÍA / Ka / Sk / VÓ U19";"";"";"";"";"";"";"73";"60";"10";"10";"1";"2";"46";"";"";"18.5";"";"22.5";"";"";"2";"";"2";"";"";"3.8";"2";"";"1.5";"";"";"3.6";"0";"";"0.5";"";"";"0.2";"";"";"";"";"";"";"";""
"Iceland";"ISL";"U19 League B";"18-06-2026 16:30";"NS";"KR / KV U19";"";"";"Víkingur / BF108 U19";"";"";"";"";"";"";"33";"70";"10";"10";"1";"2";"";"";"";"";"";"";"";"";"";"";"";"";"";"6";"";"";"";"";"";"5.7";"";"";"";"";"";"0.3";"";"";"";"";"";"";"";""
"Iceland";"ISL";"U19 League B";"18-06-2026 16:30";"NS";"Stjarnan / KFG U19";"";"";"Njar. / Grin. / Víð. U19";"";"";"";"";"";"";"37";"57";"10";"10";"1";"2";"51";"";"";"11";"";"15";"";"";"1";"";"1.5";"";"";"6";"1";"";"1.5";"";"";"5.7";"0";"";"0";"";"";"0.3";"";"";"";"";"";"";"";""
"Iceland";"ISL";"U19 League C";"18-06-2026 12:00";"NS";"Thór / T / V / M II U19";"";"";"Selfoss/Árborg/Stokk U19";"";"";"";"";"";"";"33";"37";"9";"10";"4";"6";"";"";"";"";"";"";"";"";"";"";"";"";"";"0";"";"";"";"";"";"0";"";"";"";"";"";"0";"";"";"";"";"";"";"";""
"Kazakhstan";"KAZ";"First Division";"18-06-2026 07:00";"NS";"Tobol II";"";"";"Ekibastuz";"";"";"";"";"";"";"27";"40";"10";"10";"12";"9";"47";"50";"17";"7.3";"6.5";"8.7";"11.5";"3.8";"1.8";"1.5";"1.8";"0.9";"3";"3.7";"1.8";"1.4";"1.5";"0.8";"2.7";"3.4";"0";"0.1";"0.2";"0.1";"0.2";"0.3";"56";"38";"12";"88";"88";"62";"44";"12"
"Kazakhstan";"KAZ";"First Division";"18-06-2026 08:00";"NS";"Astana II";"";"";"Sport Academy Kairat";"";"";"";"";"";"";"53";"87";"10";"10";"6";"1";"47";"57";"16.1";"5.8";"14.3";"6.1";"6";"6.8";"1.6";"1.1";"1.7";"1.9";"3.1";"3.7";"1.6";"1.1";"1.4";"1.8";"3";"3.4";"0";"0";"0.2";"0.1";"0.2";"0.3";"58";"47";"24";"83";"76";"53";"42";"17"
"Kazakhstan";"KAZ";"First Division";"18-06-2026 09:00";"NS";"Akademiya Ontustik";"";"";"Yelimay II";"";"";"";"";"";"";"53";"7";"10";"9";"5";"14";"57";"38";"13.8";"5";"7.6";"4.4";"10.6";"3.2";"2.9";"1.8";"1.4";"1.7";"3.8";"3.7";"2.6";"1.4";"1.3";"1.6";"3.4";"3.4";"0.3";"0.3";"0.1";"0.1";"0.4";"0.3";"62";"56";"39";"66";"61";"44";"38";"34"
"Kazakhstan";"KAZ";"First Division";"18-06-2026 10:00";"NS";"Arys";"";"";"Kaspiy II";"";"";"";"";"";"";"13";"22";"10";"9";"13";"11";"44";"51";"16.3";"7.9";"5.8";"8.9";"10";"5";"2.1";"1.7";"1.8";"2.1";"3.9";"3.7";"1.7";"1.7";"1.8";"2.1";"3.6";"3.4";"0.4";"0";"0";"0";"0.2";"0.3";"68";"55";"26";"74";"74";"45";"32";"26"
"Kazakhstan";"KAZ";"First Division";"18-06-2026 12:00";"NS";"Turan";"";"";"Aktobe Jas";"";"";"";"";"";"";"60";"40";"10";"10";"3";"10";"53";"40";"16.6";"7.7";"7.7";"6.3";"11.4";"6.4";"1.7";"1.2";"1.4";"2.2";"3.2";"3.7";"1.7";"1.2";"1.3";"2.2";"3.2";"3.4";"0";"0";"0.1";"0";"0";"0.3";"64";"48";"26";"79";"74";"52";"36";"21"
"Kyrgyzstan";"KGZ";"Top Liga";"18-06-2026 21:00";"NS";"Dordoi Bishkek";"";"";"Kara-Balta";"";"";"";"";"";"";"33";"3";"10";"10";"13";"16";"48";"43";"7.6";"2";"4";"2.4";"6.8";"3.4";"3.6";"1.8";"2";"1.7";"4.6";"4";"3.4";"1.7";"2";"1.7";"4.4";"3.8";"0.2";"0.2";"0";"0";"0.2";"0.1";"84";"84";"66";"82";"34";"16";"16";"18"
"Kyrgyzstan";"KGZ";"Top Liga";"18-06-2026 21:00";"NS";"Toktogul";"";"";"Bishkek City";"";"";"";"";"";"";"30";"30";"10";"10";"12";"11";"44";"51";"11.4";"4";"4.8";"8";"6";"2.4";"3";"1.8";"1.5";"1.8";"4";"4";"3";"1.8";"1.5";"1.8";"4";"3.8";"0";"0";"0";"0";"0";"0.1";"100";"75";"25";"100";"75";"25";"0";"0"
"Kuwait";"KUW";"Zain Premier League";"18-06-2026 21:00";"NS";"Al Fahaheel";"";"";"Kazma";"";"";"";"";"";"";"";"";"";"";"";"";"";"";"";"";"";"";"";"";"";"";"";"";"";"";"";"";"";"";"";"";"";"";"";"";"";"";"";"";"";"";"";"";"";""
"Kuwait";"KUW";"Zain Premier League";"18-06-2026 21:00";"NS";"Al Arabi SC";"";"";"Al Qadsia";"";"";"";"";"";"";"";"";"";"";"";"";"";"";"";"";"";"";"";"";"";"";"";"";"";"";"";"";"";"";"";"";"";"";"";"";"";"";"";"";"";"";"";"";"";""
"Kuwait";"KUW";"Zain Premier League";"18-06-2026 21:00";"NS";"Al Salmiyah";"";"";"Al Kuwait";"";"";"";"";"";"";"";"";"";"";"";"";"";"";"";"";"";"";"";"";"";"";"";"";"";"";"";"";"";"";"";"";"";"";"";"";"";"";"";"";"";"";"";"";"";""
"Lithuania";"LTU";"1. Lyga";"18-06-2026 13:00";"NS";"Neptūną Klaipėda";"";"";"Kauno Žalgiris II";"";"";"";"";"";"";"70";"20";"10";"10";"4";"16";"52";"55";"18.2";"10.5";"7.3";"9.6";"9.1";"7.8";"2.4";"1.8";"2.4";"1.1";"3.8";"3.6";"2.3";"1.8";"2.2";"1.1";"3.7";"3.5";"0.1";"0";"0.2";"0";"0.2";"0.1";"65";"50";"20";"85";"80";"50";"35";"15"
"Mongolia";"MNG";"Premier League";"18-06-2026 04:00";"NS";"Khovd Western";"";"";"Khangarid";"";"";"";"";"";"";"50";"73";"10";"10";"6";"3";"41";"52";"21";"7.7";"11.4";"16.7";"6.3";"8.9";"2";"1.6";"2.4";"2.4";"4.2";"3.4";"2";"1.4";"2.3";"2.4";"4.1";"3.3";"0";"0.1";"0.1";"0";"0.1";"0.2";"69";"69";"44";"74";"56";"31";"31";"26"
"Mongolia";"MNG";"Premier League";"18-06-2026 07:00";"NS";"Khovd";"";"";"Deren";"";"";"";"";"";"";"20";"57";"10";"10";"7";"4";"48";"56";"22.5";"9.1";"12.3";"16.8";"6.9";"10.6";"1.3";"1.8";"1.6";"1.1";"2.9";"3.4";"1.2";"1.6";"1.6";"0.9";"2.6";"3.3";"0.1";"0.1";"0";"0.2";"0.2";"0.2";"47";"30";"24";"82";"76";"70";"53";"18"
"Mozambique";"MOZ";"Mocambola";"18-06-2026 10:00";"NS";"Ferroviário Maputo";"";"";"Sofala";"";"";"";"";"";"";"37";"60";"10";"5";"10";"4";"53";"49";"23";"10.3";"12.7";"7";"16";"9.7";"1.3";"2.3";"1.7";"0.7";"3";"4.2";"1.3";"2.3";"1.7";"0.7";"3";"4";"0";"0";"0";"0";"0";"0.2";"67";"50";"0";"100";"100";"50";"33";"0"
"Norway";"NOR";"NM Cupen U19";"18-06-2026 13:00";"NS";"Jerv U19";"";"";"Odd U19";"";"";"";"";"";"";"56";"60";"9";"10";"";"";"44";"54";"29.5";"11.5";"23";"10.5";"14";"16.2";"2";"2";"0";"2";"3";"3";"2";"2";"0";"2";"3";"2.5";"0";"0";"0";"0";"0";"0.5";"75";"16";"16";"84";"84";"84";"25";"16"
"Norway";"NOR";"NM Cupen U19";"18-06-2026 13:00";"NS";"Åsane U19";"";"";"Fana U19";"";"";"";"";"";"";"63";"80";"10";"10";"";"";"60";"";"";"15.7";"";"5.3";"";"";"1";"";"2";"";"";"3";"1";"";"2";"";"";"2.5";"0";"";"0";"";"";"0.5";"";"";"";"";"";"";"";""
"Norway";"NOR";"NM Cupen U19";"18-06-2026 13:00";"NS";"Stabæk U19";"";"";"Fredrikstad U19";"";"";"";"";"";"";"70";"60";"10";"10";"";"";"53";"60";"26";"18.4";"11.5";"13.6";"8.5";"12";"1.5";"1.5";"1.5";"2";"3.2";"3";"1.5";"1.5";"1.5";"1.5";"3";"2.5";"0";"0";"0";"0.5";"0.2";"0.5";"75";"34";"8";"92";"92";"66";"25";"8"
"Norway";"NOR";"NM Cupen U19";"18-06-2026 13:00";"NS";"Sandefjord U19";"";"";"Strømsgodset U19";"";"";"";"";"";"";"80";"67";"10";"10";"";"";"44";"55";"31.8";"19.7";"16.5";"15.3";"12";"15.2";"3";"3.3";"2.3";"2";"5.3";"3";"2.7";"2.7";"2";"1.7";"4.5";"2.5";"0.3";"0.7";"0.3";"0.3";"0.8";"0.5";"84";"84";"67";"50";"33";"16";"16";"50"
"Norway";"NOR";"NM Cupen U19";"18-06-2026 13:00";"FT";"Bryne U19";"3";"3";"Viking U19";"2";"0";"6.37";"1.27";"";"";"47";"53";"10";"10";"";"";"40";"49";"21.2";"6.5";"14.2";"10.2";"11.5";"9.8";"3.2";"2.5";"1.2";"2.2";"4.6";"3";"3";"2.2";"1";"2.2";"4.2";"2.5";"0.2";"0.3";"0.2";"0";"0.4";"0.5";"71";"71";"38";"62";"62";"29";"29";"38"
"Norway";"NOR";"NM Cupen U19";"18-06-2026 13:00";"POSTPONED";"TBC";"";"";"Flekkefjord U19";"";"";"";"";"";"";"61";"58";"6";"4";"";"";"50";"";"";"6";"";"6.5";"";"";"2";"";"5";"";"";"3";"2";"";"4.5";"";"";"2.5";"0";"";"0.5";"";"";"0.5";"";"";"";"";"";"";"";""
"Norway";"NOR";"NM Cupen U19";"18-06-2026 15:30";"NS";"Stjørdals-Blink U19";"";"";"Ranheim U19";"";"";"";"";"";"";"60";"67";"5";"10";"";"";"";"";"";"";"7.5";"";"9";"";"";"2";"";"2";"";"3";"";"2";"";"2";"";"2.5";"";"0";"";"0";"";"0.5";"";"";"";"";"";"";"";""
"Sweden";"SWE";"Ettan: North";"18-06-2026 14:00";"NS";"Vasalund";"";"";"Karlberg";"";"";"1.85";"3.48";"";"";"57";"40";"10";"10";"8";"10";"49";"55";"22.7";"11.1";"13.1";"10.8";"10.4";"9.4";"1.3";"1.2";"1.5";"1.7";"2.8";"3.2";"1.3";"1.2";"1.4";"1.7";"2.8";"3";"0";"0";"0.1";"0";"0";"0.1";"55";"25";"15";"90";"85";"75";"45";"10"
"Sweden";"SWE";"Ettan: North";"18-06-2026 14:00";"NS";"Hammarby Talang";"";"";"Järfälla";"";"";"";"";"";"";"83";"33";"10";"10";"2";"12";"60";"47";"19.4";"12.8";"9.2";"5.9";"10.8";"8.9";"1.4";"1.8";"1.8";"2.4";"3.7";"3.2";"1.4";"1.7";"1.5";"2.3";"3.4";"3";"0";"0.1";"0.3";"0.1";"0.2";"0.1";"65";"45";"35";"80";"65";"55";"35";"20"
"Sweden";"SWE";"Ettan: North";"18-06-2026 14:00";"NS";"Gefle";"";"";"Stockholm Internazionale";"";"";"4.14";"1.74";"";"";"30";"60";"10";"10";"13";"6";"46";"60";"19.8";"9.1";"11.9";"10.3";"8.4";"9.4";"1.5";"1.4";"1.5";"1.2";"2.8";"3.2";"1.5";"1.4";"1.4";"1.2";"2.8";"3";"0";"0";"0.1";"0";"0";"0.1";"55";"25";"15";"90";"85";"75";"45";"10"
"Sweden";"SWE";"Ettan: North";"18-06-2026 14:30";"NS";"Sollentuna";"";"";"FBK Karlstad";"";"";"2.30";"2.65";"";"";"33";"60";"10";"10";"9";"4";"54";"49";"18.6";"10.2";"9.8";"9.6";"7.7";"7.5";"1.2";"1";"1.8";"0.9";"2.4";"3.2";"1.1";"1";"1.8";"0.9";"2.4";"3";"0.1";"0";"0";"0";"0";"0.1";"46";"20";"16";"100";"84";"80";"54";"0"
"Sweden";"SWE";"Ettan: North";"18-06-2026 14:30";"NS";"Arlanda";"";"";"Stocksund";"";"";"1.47";"5.32";"";"";"57";"23";"10";"10";"3";"15";"48";"50";"21.6";"11.1";"10.2";"10.3";"11.7";"10.2";"1.4";"1.9";"1.2";"2.4";"3.4";"3.2";"1.4";"1.7";"1.2";"2.3";"3.3";"3";"0";"0.2";"0";"0.1";"0.2";"0.1";"75";"45";"30";"90";"70";"55";"25";"10"
"Sweden";"SWE";"Ettan: South";"18-06-2026 14:00";"NS";"Tvååker";"";"";"Ängelholm";"";"";"2.25";"2.79";"";"";"47";"47";"10";"10";"6";"9";"42";"47";"20.3";"7.1";"11.4";"12.6";"9.5";"7.5";"1.2";"1.4";"1.3";"0.7";"2.3";"3";"1.1";"1.3";"1.3";"0.7";"2.2";"2.9";"0.1";"0.1";"0";"0";"0.1";"0.1";"45";"5";"0";"100";"100";"95";"55";"0"
"Sweden";"SWE";"Ettan: South";"18-06-2026 14:00";"NS";"Trelleborg";"";"";"Rosengård";"";"";"1.66";"4.34";"";"";"73";"57";"10";"10";"1";"5";"55";"54";"19.6";"12.9";"12";"7.4";"6.8";"8.2";"1.6";"1.5";"1.5";"1.4";"3";"3";"1.6";"1.5";"1.5";"1.4";"3";"2.9";"0";"0";"0";"0";"0";"0.1";"55";"40";"30";"100";"70";"60";"45";"0"
"Sweden";"SWE";"Ettan: South";"18-06-2026 14:00";"NS";"Skövde AIK";"";"";"Hässleholms IF";"";"";"";"";"";"";"53";"47";"10";"10";"10";"8";"45";"47";"19.6";"7.7";"8.6";"13.1";"9.9";"8";"0.8";"1.4";"0.9";"2.4";"2.8";"3";"0.8";"1.4";"0.8";"2.4";"2.7";"2.9";"0";"0";"0.1";"0";"0";"0.1";"45";"35";"15";"90";"85";"65";"55";"10"
"Sweden";"SWE";"Ettan: South";"18-06-2026 14:00";"NS";"Jönköpings Södra";"";"";"Lund";"";"";"1.73";"4.24";"";"";"57";"60";"10";"10";"7";"3";"53";"54";"21.5";"11.8";"13.1";"8.5";"9.6";"9.2";"1.6";"1.5";"2.5";"1";"3.3";"3";"1.5";"1.4";"2.4";"0.9";"3.1";"2.9";"0.1";"0.1";"0.1";"0.1";"0.2";"0.1";"65";"40";"35";"85";"65";"60";"35";"15"
"Sweden";"SWE";"Ettan: South";"18-06-2026 14:00";"NS";"Eskilsminne";"";"";"Trollhättan";"";"";"2.08";"2.89";"";"";"37";"30";"10";"10";"11";"14";"52";"56";"19.6";"9.9";"10.1";"10.1";"9.2";"9.1";"1.4";"1.1";"1.6";"2.5";"3.3";"3";"1.4";"1";"1.6";"2.2";"3.1";"2.9";"0";"0.1";"0";"0.3";"0.2";"0.1";"60";"45";"30";"95";"70";"55";"40";"5"
"Sweden";"SWE";"Division 2: Norra Gotaland";"18-06-2026 13:30";"NS";"Lidköping";"";"";"Husqvarna";"";"";"";"";"";"";"20";"87";"10";"10";"12";"1";"45";"51";"18.8";"6.9";"9.8";"12.9";"8.2";"8.8";"1";"1.5";"1.3";"2";"2.9";"3";"0.9";"1.5";"1.3";"1.9";"2.8";"2.9";"0.1";"0";"0";"0.1";"0.1";"0.2";"66";"38";"13";"93";"87";"62";"34";"7"
"Sweden";"SWE";"Division 2: Norra Gotaland";"18-06-2026 14:00";"NS";"Herrestads";"";"";"IFK Skovde";"";"";"";"";"";"";"53";"70";"10";"10";"6";"3";"47";"56";"22";"10";"13.2";"10.1";"10.6";"9";"1.3";"1.4";"2.1";"2";"3.4";"3";"1.3";"1.4";"2";"2";"3.4";"2.9";"0";"0";"0.1";"0";"0";"0.2";"56";"42";"24";"76";"76";"58";"44";"24"
"Sweden";"SWE";"Division 2: Norra Gotaland";"18-06-2026 14:00";"NS";"Grebbestad";"";"";"Vänersborgs IF";"";"";"";"";"";"";"60";"13";"10";"10";"5";"14";"50";"46";"20.4";"9.6";"9.7";"10.4";"11.1";"10.1";"1.2";"1.8";"1.2";"1";"2.6";"3";"1";"1.6";"1.2";"1";"2.4";"2.9";"0.2";"0.2";"0";"0";"0.2";"0.2";"42";"24";"15";"95";"85";"76";"58";"5"
"Sweden";"SWE";"Division 2: Norra Gotaland";"18-06-2026 14:15";"NS";"Ahlafors";"";"";"Skara";"";"";"";"";"";"";"67";"87";"10";"10";"4";"2";"50";"55";"22.4";"11.8";"11.8";"13";"8.1";"9.8";"1.4";"1.3";"1.6";"1.2";"2.8";"3";"1.4";"1.3";"1.3";"1.1";"2.6";"2.9";"0";"0";"0.3";"0.1";"0.2";"0.2";"52";"32";"16";"94";"84";"68";"48";"6"
"Sweden";"SWE";"Division 2: Norra Gotaland";"18-06-2026 14:15";"NS";"Vänersborgs FK";"";"";"Stenungsund";"";"";"";"";"";"";"43";"47";"10";"10";"10";"7";"47";"48";"16.1";"5.7";"9.2";"10";"7.2";"8";"0.7";"1.6";"1.2";"1.1";"2.3";"3";"0.7";"1.4";"1.2";"1.1";"2.2";"2.9";"0";"0.2";"0";"0";"0.1";"0.2";"31";"25";"6";"100";"94";"75";"69";"0"
"Sweden";"SWE";"Division 2: Norra Gotaland";"18-06-2026 14:30";"NS";"Kumla";"";"";"Tord";"";"";"";"";"";"";"27";"17";"10";"10";"9";"13";"50";"47";"21.2";"12";"11.1";"10.5";"8.9";"8.8";"2";"2";"1.3";"1.6";"3.4";"3";"2";"1.9";"1.3";"1.6";"3.4";"2.9";"0";"0.1";"0";"0";"0";"0.2";"67";"50";"20";"80";"80";"50";"33";"20"
"Sweden";"SWE";"Division 2: Norra Svealand";"18-06-2026 07:30";"NS";"Gute";"";"";"Falu BS";"";"";"";"";"";"";"37";"60";"10";"10";"8";"3";"45";"50";"18.8";"6";"7.8";"16";"7.8";"7.8";"1.2";"1.5";"0.2";"1.8";"2.3";"3";"1";"1.5";"0.2";"1.8";"2.2";"2.9";"0.2";"0";"0";"0";"0.1";"0.1";"52";"25";"8";"100";"92";"75";"48";"0"
"Sweden";"SWE";"Division 2: Norra Svealand";"18-06-2026 14:00";"NS";"Viggbyholms IK";"";"";"Ängby";"";"";"";"";"";"";"30";"67";"10";"10";"12";"4";"47";"45";"17.8";"8.2";"9.8";"11.3";"6.3";"8";"1";"2.2";"1.7";"1.7";"3.2";"3";"1";"2.2";"1.7";"1.7";"3.2";"2.9";"0";"0";"0";"0";"0";"0.1";"58";"33";"25";"84";"75";"67";"42";"16"
"Sweden";"SWE";"Division 2: Norra Svealand";"18-06-2026 14:00";"NS";"Skiljebo";"";"";"Franke";"";"";"";"";"";"";"70";"40";"10";"10";"2";"7";"48";"45";"20.3";"9.5";"9.8";"8.2";"13";"8.4";"1.8";"0.6";"0.5";"0.8";"1.8";"3";"1.5";"0.6";"0.5";"0.8";"1.7";"2.9";"0.2";"0";"0";"0";"0.1";"0.1";"45";"0";"0";"100";"100";"100";"55";"0"
"Sweden";"SWE";"Division 2: Norrland";"18-06-2026 14:00";"NS";"Kubikenborg";"";"";"Gottne IF";"";"";"";"";"";"";"63";"57";"10";"10";"1";"2";"54";"";"";"8.5";"";"7";"";"";"1.5";"";"1.5";"";"";"2.5";"1.5";"";"1.5";"";"";"2.2";"0";"";"0";"";"";"0.3";"";"";"";"";"";"";"";""
"Sweden";"SWE";"Division 2: Norrland";"18-06-2026 14:00";"NS";"Fränsta";"";"";"Friska Viljor";"";"";"";"";"";"";"33";"37";"9";"10";"5";"6";"";"62";"";"";"9.5";"";"11";"";"";"1";"";"1.2";"";"2.5";"";"0.8";"";"1";"";"2.2";"";"0.2";"";"0.2";"";"0.3";"";"";"";"";"";"";"";""
"Sweden";"SWE";"Division 2: Norrland";"18-06-2026 14:30";"NS";"Storfors";"";"";"Täfteå";"";"";"";"";"";"";"27";"70";"10";"10";"6";"2";"37";"56";"17";"4";"16";"9.8";"4.3";"8.6";"1";"1";"0.8";"2.2";"2.5";"2.5";"0.8";"0.8";"0.8";"2.2";"2.2";"2.2";"0.2";"0.2";"0";"0";"0.2";"0.3";"38";"25";"12";"88";"88";"75";"62";"12"
"Sweden";"SWE";"Division 2: Sodra Gotaland";"18-06-2026 14:00";"NS";"Solvesborg";"";"";"Räppe";"";"";"";"";"";"";"30";"23";"10";"10";"12";"13";"50";"47";"21.3";"11";"6.8";"10.4";"14.5";"10.4";"1";"2.1";"1.4";"1.8";"3.2";"2.9";"1";"2";"1.4";"1.8";"3.1";"2.8";"0";"0.1";"0";"0";"0";"0.1";"80";"35";"12";"94";"88";"65";"20";"6"
"Sweden";"SWE";"Division 2: Sodra Gotaland";"18-06-2026 14:00";"NS";"Staffanstorp United";"";"";"Linero";"";"";"";"";"";"";"40";"60";"10";"10";"11";"3";"51";"51";"16.8";"9.8";"9.2";"7.2";"7.2";"8.4";"1.4";"1";"1.1";"1.6";"2.6";"2.9";"1.3";"1";"1";"1.6";"2.4";"2.8";"0.1";"0";"0.1";"0";"0.1";"0.1";"48";"24";"11";"100";"89";"76";"52";"0"
"Sweden";"SWE";"Division 2: Sodra Gotaland";"18-06-2026 14:00";"NS";"Karlskrona";"";"";"Karlshamn";"";"";"";"";"";"";"57";"23";"10";"10";"4";"14";"53";"42";"16.8";"8.9";"6";"9.8";"9";"8.1";"1.4";"1.3";"1.3";"1";"2.5";"2.9";"1.2";"1.3";"1.3";"1";"2.4";"2.8";"0.2";"0";"0";"0";"0.1";"0.1";"64";"15";"5";"95";"95";"85";"36";"5"
"Sweden";"SWE";"Division 2: Vastra Gotaland";"18-06-2026 14:00";"NS";"Torslanda";"";"";"Vastra Frolunda";"";"";"";"";"";"";"40";"73";"10";"10";"10";"3";"51";"53";"19.3";"9.3";"9.7";"9.3";"10.3";"9.4";"1.5";"1.4";"1.6";"0.8";"2.7";"2.9";"1.3";"1.4";"1.6";"0.8";"2.6";"2.7";"0.2";"0";"0";"0";"0.1";"0.2";"63";"15";"10";"95";"90";"85";"37";"5"
"Sweden";"SWE";"Division 2: Vastra Gotaland";"18-06-2026 14:30";"NS";"Qviding FIF";"";"";"Galtabäcks";"";"";"";"";"";"";"40";"7";"10";"10";"8";"13";"51";"50";"22";"11";"10.1";"11";"11.8";"9.6";"1";"0.8";"1.2";"1.6";"2.2";"2.9";"0.9";"0.8";"1";"1.3";"2";"2.7";"0.1";"0";"0.2";"0.2";"0.3";"0.2";"42";"17";"6";"94";"94";"83";"58";"6"
"Sweden";"SWE";"Division 2: Vastra Gotaland";"18-06-2026 14:30";"NS";"Lindome";"";"";"Astorps FF";"";"";"";"";"";"";"60";"33";"10";"10";"6";"11";"44";"54";"21.2";"11.5";"11.6";"11";"8.4";"9.2";"2";"1.8";"1.3";"2.2";"3.6";"2.9";"1.8";"1.8";"1.3";"2";"3.4";"2.7";"0.2";"0";"0";"0.2";"0.2";"0.2";"60";"45";"35";"75";"65";"55";"40";"25"
"Sweden";"SWE";"Division 2: Vastra Gotaland";"18-06-2026 14:30";"NS";"Böljan";"";"";"Onsala";"";"";"";"";"";"";"50";"40";"10";"10";"5";"9";"55";"51";"21.4";"15";"9.2";"10.6";"7.9";"9.8";"1.1";"1.4";"1.8";"1.1";"2.7";"2.9";"1.1";"1.2";"1.8";"1.1";"2.6";"2.7";"0";"0.1";"0";"0";"0";"0.2";"52";"29";"18";"82";"82";"71";"48";"18"
"Sweden";"SWE";"Division 2: Vastra Gotaland";"18-06-2026 14:30";"NS";"Dalstorps";"";"";"Astrio";"";"";"";"";"";"";"70";"17";"10";"10";"2";"14";"49";"48";"20.5";"8.1";"9";"7.7";"16.2";"9.3";"1.7";"1.6";"1.4";"0.9";"2.8";"2.9";"1.6";"1.3";"1.4";"0.9";"2.6";"2.7";"0.1";"0.3";"0";"0";"0.2";"0.2";"54";"37";"21";"94";"79";"63";"46";"6"
"Sweden";"SWE";"U21 League";"18-06-2026 06:00";"POSTPONED";"Djurgården U21";"";"";"Brommapojkarna U21";"";"";"";"";"";"";"47";"50";"10";"10";"4";"1";"59";"";"12.4";"12";"3.7";"2.5";"6.7";"6.4";"1";"0";"0.5";"0.5";"1";"1.5";"1";"0";"0.5";"0.5";"1";"1.4";"0";"0";"0";"0";"0";"0.1";"0";"0";"0";"100";"100";"100";"100";"0"
"Syria";"SYR";"Premier League";"18-06-2026 21:00";"NS";"Al Jaish";"";"";"Al Futuwa";"";"";"";"";"";"";"43";"27";"10";"10";"8";"12";"52";"";"";"5";"";"9";"";"";"2";"";"1";"";"";"2.9";"2";"";"1";"";"";"2.5";"0";"";"0";"";"";"0.4";"";"";"";"";"";"";"";""
"Syria";"SYR";"Premier League";"18-06-2026 21:00";"NS";"Hottin";"";"";"Khan Sheikhoun";"";"";"";"";"";"";"50";"40";"10";"10";"5";"13";"";"";"";"";"";"";"";"";"";"0.3";"";"1";"";"2.9";"";"0.3";"";"0.3";"";"2.5";"";"0";"";"0.7";"";"0.4";"";"";"";"";"";"";"";""
"Syria";"SYR";"Premier League";"18-06-2026 21:00";"NS";"Jabala";"";"";"Homs Al Fidaa";"";"";"";"";"";"";"30";"80";"10";"10";"14";"2";"";"";"";"";"";"";"";"";"";"";"";"";"";"2.9";"";"";"";"";"";"2.5";"";"";"";"";"";"0.4";"";"";"";"";"";"";"";""
"Syria";"SYR";"Premier League";"18-06-2026 21:00";"NS";"Horriya";"";"";"Damascus Al Ahli";"";"";"";"";"";"";"43";"50";"10";"10";"9";"10";"54";"";"";"13";"";"8";"";"";"1";"";"1.8";"";"";"2.9";"0.8";"";"1.6";"";"";"2.5";"0.2";"";"0.2";"";"";"0.4";"";"";"";"";"";"";"";""
"Syria";"SYR";"Premier League";"18-06-2026 21:00";"NS";"Wahda";"";"";"Al-Ittihad Aleppo";"";"";"";"";"";"";"70";"70";"10";"10";"3";"1";"";"62";"";"";"15.2";"";"8.2";"";"";"1.3";"";"2.5";"";"2.9";"";"1.2";"";"2.2";"";"2.5";"";"0.2";"";"0.3";"";"0.4";"";"";"";"";"";"";"";""
"Syria";"SYR";"Premier League";"18-06-2026 21:00";"NS";"Umayya";"";"";"Taliya";"";"";"";"";"";"";"27";"47";"10";"10";"15";"7";"42";"45";"24.8";"4";"15";"16.5";"14";"4.8";"2.5";"";"1";"";"";"2.9";"2";"";"1";"";"";"2.5";"0.5";"";"0";"";"";"0.4";"";"";"";"";"";"";"";""
"Syria";"SYR";"Premier League";"18-06-2026 21:00";"NS";"Al Shouleh";"";"";"Tishreen";"";"";"";"";"";"";"20";"47";"10";"10";"16";"6";"";"";"";"";"";"";"";"";"";"";"";"";"";"2.9";"";"";"";"";"";"2.5";"";"";"";"";"";"0.4";"";"";"";"";"";"";"";""
"Syria";"SYR";"Premier League";"18-06-2026 21:00";"NS";"Al Karama";"";"";"Al Shorta";"";"";"";"";"";"";"57";"43";"10";"10";"4";"11";"";"";"";"";"";"";"";"";"";"";"";"";"";"2.9";"";"";"";"";"";"2.5";"";"";"";"";"";"0.4";"";"";"";"";"";"";"";""
"Tanzania";"TAN";"Ligi kuu Bara";"18-06-2026 08:00";"NS";"Mbeya City";"";"";"Simba";"";"";"";"";"";"";"40";"80";"10";"10";"14";"2";"47";"59";"15.8";"4.8";"12.4";"7";"7.4";"5.2";"1.1";"1.1";"1.5";"2.2";"3";"3.1";"1";"1.1";"1.5";"2.1";"2.8";"3";"0.1";"0";"0";"0.1";"0.1";"0.1";"54";"42";"21";"95";"79";"58";"46";"5"
"Tanzania";"TAN";"Ligi kuu Bara";"18-06-2026 10:00";"NS";"JKT Tanzania";"";"";"Tanzania Prisons";"";"";"";"";"";"";"33";"23";"10";"10";"6";"15";"48";"41";"15.2";"6.1";"3.9";"8.9";"11.6";"6";"2.6";"1.9";"1";"0.8";"3.2";"3.1";"2.6";"1.9";"0.9";"0.7";"3";"3";"0";"0";"0.1";"0.1";"0.1";"0.1";"57";"30";"26";"95";"74";"70";"43";"5"
"Tanzania";"TAN";"Ligi kuu Bara";"18-06-2026 10:00";"NS";"Pamba Jiji";"";"";"Mtibwa Sugar";"";"";"";"";"";"";"30";"20";"10";"10";"7";"12";"48";"44";"18.5";"9.6";"7.7";"9.4";"10.3";"7.8";"1.9";"1.7";"1.1";"0.7";"2.7";"3.1";"1.9";"1.7";"1.1";"0.7";"2.7";"3";"0";"0";"0";"0";"0";"0.1";"54";"26";"26";"88";"74";"74";"46";"12"
"United States";"USA";"USL League Two";"18-06-2026 00:00";"NS";"Capo II";"";"";"City SC";"";"";"";"";"";"";"50";"50";"10";"10";"5";"7";"49";"54";"23.8";"12.2";"10.9";"16.8";"7.7";"11.6";"2";"1.9";"2.5";"2.3";"4.3";"4";"1.5";"1.9";"2.5";"2";"4";"3.8";"0.5";"0";"0";"0.3";"0.4";"0.2";"73";"52";"44";"80";"56";"48";"27";"20"
"United States";"USA";"USL League Two";"18-06-2026 20:00";"NS";"Lansing City";"";"";"Midwest United";"";"";"";"";"";"";"10";"53";"10";"10";"7";"3";"45";"41";"22.4";"7.8";"16";"16.5";"4.5";"11";"2";"1.5";"2.8";"1";"3.6";"4";"2";"1.5";"2.5";"1";"3.5";"3.8";"0";"0";"0.2";"0";"0.1";"0.2";"75";"38";"25";"88";"75";"62";"25";"12"
"United States";"USA";"USL League Two";"18-06-2026 20:00";"NS";"Real Central New Jersey";"";"";"Ocean City Nor'easters";"";"";"";"";"";"";"53";"80";"10";"10";"5";"1";"49";"50";"23.6";"12.5";"16.5";"9.8";"8.5";"11.8";"1.8";"0.7";"2.2";"2";"3.4";"4";"1.8";"0.5";"2.2";"1.8";"3.2";"3.8";"0";"0.2";"0";"0.2";"0.2";"0.2";"66";"54";"21";"100";"79";"46";"34";"0"
"United States";"USA";"USL League Two";"18-06-2026 21:00";"NS";"Texoma";"";"";"West Texas";"";"";"";"";"";"";"50";"57";"10";"10";"1";"5";"53";"50";"22.6";"12.3";"8.5";"8.8";"15.5";"11.5";"2.7";"3";"2.3";"5.5";"6.8";"4";"2.5";"3";"2.2";"4.5";"6.1";"3.8";"0.2";"0";"0.2";"1";"0.6";"0.2";"84";"84";"84";"34";"16";"16";"16";"66"
"United States";"USA";"USL League Two";"18-06-2026 22:30";"NS";"Utah United";"";"";"Atlético Unión";"";"";"";"";"";"";"67";"33";"10";"5";"1";"5";"60";"";"";"10.8";"";"5.2";"";"";"3.2";"";"2.2";"";"";"4";"3.2";"";"2.2";"";"";"3.8";"0";"";"0";"";"";"0.2";"";"";"";"";"";"";"";""
"United States";"USA";"USL League Two";"18-06-2026 22:30";"NS";"Flatirons Rush";"";"";"Albion Colorado";"";"";"";"";"";"";"7";"73";"10";"10";"7";"3";"";"";"";"";"";"";"";"";"";"";"";"";"";"4";"";"";"";"";"";"3.8";"";"";"";"";"";"0.2";"";"";"";"";"";"";"";""
"United States";"USA";"USL League Two";"18-06-2026 23:00";"NS";"Ballard";"";"";"Bigfoot";"";"";"";"";"";"";"73";"20";"10";"10";"3";"8";"57";"43";"19";"12.3";"7.5";"6";"12.2";"9.5";"1.7";"2.2";"1.1";"1.8";"3.4";"4";"1.7";"2";"1.1";"1.8";"3.4";"3.8";"0";"0.2";"0";"0";"0.1";"0.2";"72";"44";"24";"76";"76";"56";"28";"24"
"United States";"USA";"USL League Two";"18-06-2026 23:00";"NS";"San Juan SC";"";"";"San Francisco City";"";"";"";"";"";"";"23";"67";"10";"10";"8";"1";"50";"53";"23.4";"12.3";"12";"13.7";"8.7";"10.7";"2.2";"1.7";"2.2";"2.7";"4.4";"4";"1.8";"1.7";"2";"2.6";"4";"3.8";"0.3";"0";"0.2";"0.1";"0.3";"0.2";"84";"69";"54";"76";"46";"31";"16";"24"
"United States";"USA";"WPSL";"18-06-2026 20:00";"NS";"PA Classics W";"";"";"LVU Rush W";"";"";"";"";"";"";"70";"40";"10";"10";"1";"4";"48";"";"";"17";"";"10.5";"";"";"0";"";"0";"";"";"0.6";"0";"";"0";"";"";"0.6";"0";"";"0";"";"";"0";"";"";"";"";"";"";"";""
"United States";"USA";"WPSL";"18-06-2026 20:00";"NS";"Beadling W";"";"";"Cleveland Internationals W";"";"";"";"";"";"";"27";"93";"10";"10";"2";"1";"";"69";"";"";"20.5";"";"5.5";"";"";"0";"";"0";"";"0.6";"";"0";"";"0";"";"0.6";"";"0";"";"0";"";"0";"";"";"";"";"";"";"";""
"United States";"USA";"WPSL";"18-06-2026 20:00";"NS";"Side FC 92 W";"";"";"Oklahoma City W";"";"";"";"";"";"";"7";"67";"10";"10";"6";"1";"41";"54";"29.4";"8";"20.7";"22.5";"7.7";"13";"0.2";"0.8";"0.8";"0.6";"1.2";"0.6";"0.2";"0.8";"0.8";"0.6";"1.2";"0.6";"0";"0";"0";"0";"0";"0";"32";"10";"0";"100";"100";"90";"68";"0"
"United States";"USA";"WPSL";"18-06-2026 21:00";"NS";"SouthStar W";"";"";"Dallas W";"";"";"";"";"";"";"60";"67";"10";"10";"3";"2";"58";"50";"28.5";"16.5";"14";"15";"11.5";"16.5";"1";"0.5";"1";"1";"1.8";"0.6";"1";"0.5";"1";"1";"1.8";"0.6";"0";"0";"0";"0";"0";"0";"50";"0";"0";"100";"100";"100";"50";"0"
"United States";"USA";"WPSL";"18-06-2026 21:00";"NS";"Colorado Pride W";"";"";"Colorado Elevation";"";"";"";"";"";"";"70";"42";"10";"4";"1";"4";"";"";"";"";"";"";"";"";"";"";"";"";"";"0.6";"";"";"";"";"";"0.6";"";"";"";"";"";"0";"";"";"";"";"";"";"";""
"United States";"USA";"MLS Next Pro";"18-06-2026 20:00";"NS";"Connecticut United";"";"";"FC Cincinnati II";"";"";"";"";"";"";"27";"30";"10";"10";"13";"15";"45";"44";"25.1";"13.2";"11";"10";"16";"9.8";"2.7";"3.1";"2.8";"2.2";"5.4";"4.5";"2.6";"2.8";"2.6";"2.2";"5.1";"4.3";"0.1";"0.3";"0.2";"0";"0.3";"0.2";"90";"85";"75";"55";"25";"15";"10";"45"
"United States";"USA";"USL W League";"18-06-2026 19:00";"NS";"Flatirons II W";"";"";"Albion Colorado W";"";"";"";"";"";"";"23";"33";"10";"10";"5";"4";"";"";"";"";"";"";"";"";"";"";"";"";"";"1.4";"";"";"";"";"";"1.4";"";"";"";"";"";"0";"";"";"";"";"";"";"";""
"United States";"USA";"USL W League";"18-06-2026 19:00";"NS";"Steel City W";"";"";"Flower City 1872 W";"";"";"";"";"";"";"33";"50";"10";"10";"3";"2";"";"";"";"";"";"";"";"";"";"";"";"";"";"1.4";"";"";"";"";"";"1.4";"";"";"";"";"";"0";"";"";"";"";"";"";"";""
"United States";"USA";"USL W League";"18-06-2026 21:00";"NS";"AHFC Royals W";"";"";"Challenge W";"";"";"";"";"";"";"83";"33";"10";"10";"1";"5";"";"";"";"";"";"";"";"";"";"";"";"";"";"1.4";"";"";"";"";"";"1.4";"";"";"";"";"";"0";"";"";"";"";"";"";"";""
"United States";"USA";"USL W League";"18-06-2026 22:30";"NS";"Bigfoot W";"";"";"Oly Town W";"";"";"";"";"";"";"23";"27";"10";"10";"6";"4";"";"";"";"2";"";"6.5";"";"";"0";"";"0.5";"";"";"1.4";"0";"";"0.5";"";"";"1.4";"0";"";"0";"";"";"0";"";"";"";"";"";"";"";""
"United States";"USA";"USL W League";"18-06-2026 23:00";"NS";"Pleasanton Rage W";"";"";"Stockton Cargo W";"";"";"";"";"";"";"30";"57";"10";"10";"5";"4";"56";"";"";"14.7";"";"6.3";"";"";"1";"";"1";"";"";"1.4";"1";"";"1";"";"";"1.4";"0";"";"0";"";"";"0";"";"";"";"";"";"";"";""
"United States";"USA";"UWS";"18-06-2026 20:00";"NS";"Flint City W";"";"";"Troy City W";"";"";"";"";"";"";"67";"43";"10";"10";"2";"11";"";"";"";"";"";"";"";"";"";"";"";"";"";"0";"";"";"";"";"";"0";"";"";"";"";"";"0";"";"";"";"";"";"";"";""
"United States";"USA";"UWS";"18-06-2026 20:30";"NS";"Michigan Stars W";"";"";"Michigan Jaguars W";"";"";"";"";"";"";"37";"90";"10";"10";"12";"1";"";"";"";"";"";"";"";"";"";"";"";"";"";"0";"";"";"";"";"";"0";"";"";"";"";"";"0";"";"";"";"";"";"";"";""
"United States";"USA";"UWS";"18-06-2026 21:00";"NS";"Pontiac W";"";"";"Pinnacle W";"";"";"";"";"";"";"43";"25";"10";"4";"5";"8";"";"";"";"";"";"";"";"";"";"";"";"";"";"0";"";"";"";"";"";"0";"";"";"";"";"";"0";"";"";"";"";"";"";"";""
"United States";"USA";"UWS";"18-06-2026 23:00";"NS";"Internacional CA W";"";"";"United City II";"";"";"";"";"";"";"63";"100";"10";"2";"3";"4";"";"";"";"";"";"";"";"";"";"";"";"";"";"0";"";"";"";"";"";"0";"";"";"";"";"";"0";"";"";"";"";"";"";"";""
"Estonia";"EST";"Meistriliiga Women";"18-06-2026 13:00";"NS";"Flora W";"";"";"Viimsi W";"";"";"";"";"";"";"60";"57";"10";"10";"1";"3";"54";"51";"27.5";"16.4";"16.8";"10.3";"11.6";"13.9";"1.7";"1.1";"1.3";"0.6";"2.4";"2.2";"1.5";"1";"1.3";"0.6";"2.2";"2.1";"0.2";"0.1";"0";"0";"0.2";"0";"35";"20";"20";"85";"80";"80";"65";"15"
"Iceland";"ISL";"Womens Cup";"18-06-2026 14:30";"NS";"Thróttur Reykjavík W";"";"";"Víkingur Reykjavík W";"";"";"";"";"";"";"53";"33";"10";"10";"";"";"54";"51";"23.8";"9.3";"11.4";"11";"15.9";"11.6";"1";"0.4";"1.3";"0.8";"1.8";"2.6";"0.9";"0.3";"1.3";"0.8";"1.6";"2.6";"0.1";"0.1";"0";"0";"0.1";"0";"20";"10";"10";"95";"90";"90";"80";"5"
"Iceland";"ISL";"Womens Cup";"18-06-2026 17:15";"NS";"Grindavík / Njardvík W";"";"";"Stjarnan W";"";"";"";"";"";"";"47";"57";"10";"10";"";"";"55";"46";"24.2";"12.3";"12.9";"13.1";"10.1";"10.8";"1.3";"1.1";"0.8";"1";"2.1";"2.6";"1.2";"1.1";"0.8";"1";"2";"2.6";"0.1";"0";"0";"0";"0";"0";"36";"10";"5";"100";"95";"90";"64";"0"
"Iceland";"ISL";"2. Deild Women";"18-06-2026 16:15";"NS";"Einherji W";"";"";"Dalvík / Reynir W";"";"";"";"";"";"";"63";"30";"10";"10";"3";"7";"";"34";"";"";"4.5";"";"18";"";"";"1.5";"";"1.5";"";"2";"";"1";"";"1.5";"";"2";"";"0.5";"";"0";"";"0";"";"";"";"";"";"";"";""
"Iceland";"ISL";"2. Deild Women";"18-06-2026 16:15";"NS";"Augnablik W";"";"";"Afturelding W";"";"";"";"";"";"";"33";"73";"10";"10";"6";"1";"56";"";"";"18.5";"";"10.5";"";"";"";"";"";"";"";"2";"";"";"";"";"";"2";"";"";"";"";"";"0";"";"";"";"";"";"";"";""
"Iceland";"ISL";"2. Deild Women";"18-06-2026 16:15";"NS";"ÍR W";"";"";"Fjölnir W";"";"";"";"";"";"";"33";"77";"10";"10";"8";"2";"48";"";"";"14.3";"";"12.7";"";"";"0.3";"";"0.7";"";"";"2";"0.3";"";"0.7";"";"";"2";"0";"";"0";"";"";"0";"";"";"";"";"";"";"";""
"Lithuania";"LTU";"A Lyga Women";"18-06-2026 14:00";"NS";"Kauno rajono FA";"";"";"Gintra W";"";"";"";"";"";"";"23";"77";"10";"10";"6";"1";"40";"64";"26.4";"7.2";"18";"20.2";"7.3";"12.6";"1";"1.3";"1.6";"1";"2.4";"2.8";"1";"1.3";"1.6";"1";"2.4";"2.6";"0";"0";"0";"0";"0";"0.2";"36";"36";"0";"100";"100";"64";"64";"0"
"Lithuania";"LTU";"A Lyga Women";"18-06-2026 14:00";"NS";"TransINVEST Vilnius W";"";"";"FK Žalgiris W";"";"";"";"";"";"";"20";"53";"10";"10";"7";"3";"47";"62";"28";"13";"21";"15.6";"6.4";"15.1";"1.6";"1";"1.2";"2";"2.9";"2.8";"1.6";"1";"1.2";"1.6";"2.7";"2.6";"0";"0";"0";"0.4";"0.2";"0.2";"50";"40";"10";"90";"90";"60";"50";"10"
"Sweden";"SWE";"Elitettan Women";"18-06-2026 13:30";"NS";"Jitex W";"";"";"KIF Orebro W";"";"";"";"";"";"";"30";"60";"10";"10";"10";"4";"50";"56";"23.5";"12.3";"16.2";"10.7";"7.8";"11.6";"0.9";"0.4";"0.6";"1.4";"1.6";"1.6";"0.9";"0.4";"0.6";"1.4";"1.6";"1.6";"0";"0";"0";"0";"0";"0";"25";"12";"0";"100";"100";"88";"75";"0"
"Sweden";"SWE";"Elitettan Women";"18-06-2026 14:00";"NS";"Linkoping W";"";"";"Alingsås W";"";"";"";"";"";"";"80";"27";"10";"10";"3";"11";"52";"45";"18.4";"10.2";"7.3";"6";"13.3";"6.8";"0.8";"0.9";"1";"1";"1.8";"1.6";"0.8";"0.9";"1";"0.9";"1.8";"1.6";"0";"0";"0";"0.1";"0";"0";"36";"6";"0";"100";"100";"94";"64";"0"
"Sweden";"SWE";"Elitettan Women";"18-06-2026 14:00";"NS";"Husqvarna W";"";"";"Elfsborg W";"";"";"";"";"";"";"47";"80";"10";"10";"8";"1";"44";"56";"19";"5";"14";"12.4";"6.6";"8";"1";"1";"0.3";"0.2";"1.2";"1.6";"1";"1";"0.3";"0.2";"1.2";"1.6";"0";"0";"0";"0";"0";"0";"20";"0";"0";"100";"100";"100";"80";"0"
"World";"WOR";"Club Friendlies 3";"18-06-2026 12:00";"NS";"IFK Göteborg";"";"";"Vålerenga";"";"";"2.01";"2.81";"";"";"27";"30";"10";"10";"1";"2";"51";"52";"29";"13.9";"15.7";"14.1";"14.2";"10.6";"2.8";"2.3";"1.5";"1.7";"4.2";"2.1";"2.7";"2.2";"1.5";"1.7";"4";"2";"0.1";"0.1";"0";"0";"0.1";"0.1";"65";"45";"35";"75";"65";"55";"35";"25"
"World";"WOR";"Club Friendlies 3";"18-06-2026 13:00";"NS";"Brest";"";"";"Concarneau";"";"";"";"";"";"";"20";"27";"10";"10";"1";"2";"46";"50";"21.4";"10.3";"10.3";"14.2";"7.9";"7.6";"1.5";"1.4";"1.6";"1.4";"3";"2.1";"1.5";"1.3";"1.4";"1.3";"2.8";"2";"0";"0.1";"0.2";"0.1";"0.2";"0.1";"55";"35";"25";"90";"75";"65";"45";"10"
"World";"WOR";"Club Friendlies 3";"18-06-2026 13:30";"NS";"Austria Klagenfurt";"";"";"Kapfenberger SV";"";"";"";"";"";"";"43";"33";"10";"10";"1";"2";"42";"43";"20";"8.7";"9.8";"9.8";"11.7";"8.2";"1.3";"1.6";"1.5";"1";"2.7";"2.1";"1.2";"1.6";"1.4";"0.9";"2.6";"2";"0.1";"0";"0.1";"0.1";"0.2";"0.1";"60";"30";"5";"100";"95";"70";"40";"0"
"World";"WOR";"Club Friendlies 3";"18-06-2026 21:00";"NS";"Levski Sofia";"";"";"Akademik Svishtov";"";"";"";"";"";"";"63";"67";"10";"10";"1";"2";"54";"";"";"9";"";"7.4";"";"";"2";"";"2.3";"";"";"2.1";"2";"";"2.1";"";"";"2";"0";"";"0.2";"";"";"0.1";"";"";"";"";"";"";"";""