"Country ";"Short";"League ";"Hour";"Status";"Home Team";"Result Home";"Result Visitor";"Visitor Team";"Global";"Global";"Global";"Global";"Global";"Global";"Casa | Fora";"Global";"Global";"Casa | Fora";"Casa | Fora"
"World";"WOR";"World Cup";"19-06-2026 16:00";"NS";"United States";"";"";"Australia";"100";"80";"55";"85";"3.5";"1";"63 | 53";"60";"70";"1.6 | 1";"2.2 | 1.4"
"World";"WOR";"World Cup";"19-06-2026 19:00";"NS";"Scotland";"";"";"Morocco";"90";"70";"45";"60";"";"2";"80 | 67";"45";"65";"0.9 | 0.4";"2.3 | 1.7"
"World";"WOR";"World Cup";"19-06-2026 21:30";"NS";"Brazil";"";"";"Haiti";"100";"80";"55";"95";"";"3";"57 | 47";"50";"70";"1.2 | 1.1";"2.3 | 1.5"
"Uruguay";"URU";"Segunda Division";"19-06-2026 18:00";"NS";"Miramar Misiones";"";"";"Huracán";"90";"75";"40";"65";"2.2";"5";"47 | 57";"65";"75";"1 | 1";"1.3 | 1.3"
"Argentina";"ARG";"Torneo Promocional Amateur";"19-06-2026 15:30";"NS";"Estrella de Berisso";"";"";"Defensores Glew";"90";"60";"45";"70";"2.8";"5";"37 | 53";"35";"70";"1.2 | 1.3";"0.4 | 2.1"
"Bolivia";"BOL";"Liga De Futbol Prof";"19-06-2026 18:30";"POSTPONED";"Real Potosí";"";"";"Gualberto Villarroel SJ";"90";"90";"60";"59";"";"";"30 | 30";"70";"80";"1.4 | 1.9";"0.9 | 1.3"
"Bolivia";"BOL";"Liga De Futbol Prof";"19-06-2026 21:00";"POSTPONED";"Universitario de Vinto";"";"";"Guabirá";"95";"90";"75";"80";"3.7";"";"37 | 40";"70";"65";"1.7 | 2";"1.8 | 1.4"
"Chile";"CHI";"Chilean Cup";"19-06-2026 20:00";"NS";"Audax Italiano";"";"";"Deportes Santa Cruz";"95";"85";"55";"70";"2";"1";"43 | 23";"70";"60";"1.5 | 1.8";"1.4 | 1.2"
"Chile";"CHI";"Chilean Cup";"19-06-2026 21:00";"NS";"San Marcos";"";"";"Deportes Limache";"100";"75";"50";"65";"2.2";"5";"67 | 17";"50";"65";"0.8 | 2";"1.6 | 1.3"
"China";"CHN";"FA Cup";"19-06-2026 04:30";"FT";"Dalian Kewei";"1";"0";"Liaoning Tieren FC";"85";"65";"55";"65";"";"5";"63 | 33";"45";"75";"0.5 | 1.7";"1.2 | 1.4"
"China";"CHN";"FA Cup";"19-06-2026 04:30";"FT";"Shanghai Segenda";"1";"2";"Shanghai Port";"95";"70";"45";"50";"";"4";"53 | 37";"65";"70";"0.8 | 1.5";"1 | 1.6"
"China";"CHN";"FA Cup";"19-06-2026 04:30";"FT_PEN";"Shanxi Chongde Ronghai";"1";"1";"Qingdao West Coast";"85";"85";"35";"65";"";"2";"60 | 47";"60";"80";"0.9 | 1.1";"1.5 | 1.3"
"China";"CHN";"FA Cup";"19-06-2026 08:00";"HT";"Shenzhen Juniors FC";"0";"3";"Shenzhen Peng City";"95";"70";"45";"60";"";"2";"77 | 37";"45";"80";"0.6 | 1.3";"1.9 | 1"
"China";"CHN";"FA Cup";"19-06-2026 08:00";"HT";"Shaanxi Union FC";"1";"0";"Zhejiang";"85";"75";"45";"70";"";"2";"53 | 50";"40";"75";"0.5 | 1.7";"1.4 | 1.3"
"China";"CHN";"FA Cup";"19-06-2026 08:30";"INPLAY_1ST_HALF";"Jiangxi Lushan";"0";"0";"Henan Songshan Longmen";"90";"75";"45";"75";"";"2";"73 | 47";"30";"85";"0.5 | 1.3";"1.9 | 1.1"
"China";"CHN";"FA Cup";"19-06-2026 08:30";"INPLAY_1ST_HALF";"Guangzhou E-Power FC";"0";"1";"Beijing Guoan";"90";"70";"60";"65";"";"4";"67 | 53";"60";"60";"0.9 | 1.6";"1.7 | 2"
"China";"CHN";"FA Cup";"19-06-2026 08:30";"INPLAY_1ST_HALF";"Lanzhou Longyuan";"0";"1";"Tianjin Jinmen Tiger";"80";"65";"50";"55";"";"5";"43 | 43";"55";"85";"0.8 | 1.3";"0.8 | 1.6"
"China";"CHN";"FA Cup";"19-06-2026 08:30";"INPLAY_1ST_HALF";"Hangzhou Linping Wuyue";"0";"0";"Dalian Yingbo";"100";"65";"40";"60";"";"2";"50 | 43";"45";"70";"1.5 | 1.5";"1.1 | 1.1"
"Republic of Ireland";"IRL";"Premier Division";"19-06-2026 15:45";"NS";"Waterford United";"";"";"Shamrock Rovers";"100";"75";"65";"95";"2.6";"2";"33 | 60";"65";"65";"1.9 | 1";"1.7 | 1.5"
"Republic of Ireland";"IRL";"Premier Division";"19-06-2026 15:45";"NS";"St Patrick's";"";"";"Sligo Rovers";"90";"70";"45";"85";"3";"3";"60 | 47";"45";"65";"0.7 | 1.5";"1.8 | 1.1"
"Republic of Ireland";"IRL";"Premier Division";"19-06-2026 15:45";"NS";"Galway United";"";"";"Derry City";"90";"75";"50";"70";"2.1";"5";"33 | 47";"75";"65";"1.8 | 0.9";"1.6 | 1.2"
"Republic of Ireland";"IRL";"Premier Division";"19-06-2026 15:45";"NS";"Drogheda United";"";"";"Shelbourne";"90";"75";"55";"65";"2.8";"2";"40 | 53";"70";"75";"1.8 | 1.2";"1.4 | 1.4"
"Republic of Ireland";"IRL";"Premier Division";"19-06-2026 16:00";"NS";"Bohemians";"";"";"Dundalk";"100";"85";"70";"80";"2.4";"1";"47 | 47";"80";"60";"1.9 | 1.4";"1.9 | 1.2"
"Republic of Ireland";"IRL";"First Division";"19-06-2026 15:45";"NS";"UCD";"";"";"Kerry";"95";"70";"50";"80";"2.2";"1";"63 | 40";"50";"80";"1.2 | 1";"2.1 | 0.8"
"Republic of Ireland";"IRL";"First Division";"19-06-2026 15:45";"NS";"Cork City";"";"";"Treaty United";"95";"70";"45";"65";"2";"3";"67 | 33";"40";"75";"0.5 | 1.4";"1.7 | 1.1"
"Republic of Ireland";"IRL";"First Division";"19-06-2026 15:45";"NS";"Cobh Ramblers";"";"";"Finn Harps";"95";"80";"55";"55";"2.7";"1";"53 | 23";"40";"80";"1.2 | 2.3";"1.1 | 0.7"
"Republic of Ireland";"IRL";"First Division";"19-06-2026 15:45";"NS";"Bray Wanderers";"";"";"Longford Town";"95";"85";"60";"65";"2";"1";"57 | 60";"70";"60";"1.5 | 1";"2.4 | 1.2"
"Republic of Ireland";"IRL";"First Division";"19-06-2026 15:45";"NS";"Athlone Town";"";"";"Wexford Youths";"90";"60";"40";"40";"1.8";"5";"30 | 40";"35";"95";"1 | 1.4";"0.5 | 1"
"Argentina";"ARG";"Primera B Metropolitana";"19-06-2026 19:00";"NS";"Ituzaingó";"";"";"Liniers";"85";"60";"35";"60";"2.6";"5";"13 | 40";"35";"80";"2.1 | 0.8";"0.9 | 0.5"
"Argentina";"ARG";"Reserve League";"19-06-2026 15:00";"NS";"Estudiantes La Plata Res";"";"";"Central Córdoba SdE Res.";"95";"65";"45";"75";"2";"1";"57 | 47";"50";"65";"0.9 | 1.3";"1.6 | 1.3"
"Argentina";"ARG";"Reserve League";"19-06-2026 15:00";"NS";"Platense Res.";"";"";"Independiente Riva. Res.";"95";"80";"25";"65";"";"5";"40 | 53";"35";"85";"1.1 | 1.3";"0.8 | 1.3"
"Argentina";"ARG";"Reserve League";"19-06-2026 15:00";"NS";"Colón Res.";"";"";"Estudiantes RC Res.";"95";"80";"40";"90";"";"1";"27 | 17";"45";"75";"1.7 | 2";"0.9 | 0.4"
"Argentina";"ARG";"Reserve League";"19-06-2026 15:00";"NS";"Tigre Res.";"";"";"San Lorenzo Res.";"95";"80";"55";"70";"1.8";"5";"27 | 40";"60";"70";"1.6 | 1.5";"0.8 | 1.3"
"Argentina";"ARG";"Reserve League";"19-06-2026 15:00";"NS";"Barracas Central Res.";"";"";"Sarmiento Res.";"95";"75";"45";"55";"2";"5";"30 | 27";"55";"70";"1.4 | 1.8";"0.8 | 1.1"
"Argentina";"ARG";"Reserve League";"19-06-2026 15:00";"NS";"Godoy Cruz Res.";"";"";"Aldosivi Res.";"95";"70";"45";"60";"2.8";"5";"30 | 33";"40";"75";"1.6 | 1.5";"1.2 | 0.6"
"Australia";"AUS";"Queensland Premier League 3 Metro";"19-06-2026 07:30";"INPLAY_2ND_HALF";"Yeronga Eagles";"1";"0";"Univ. Queensland";"100";"100";"85";"80";"6.7";"3";"73 | 33";"70";"35";"1 | 2.4";"3.3 | 2.1"
"Australia";"AUS";"Npl Queensland";"19-06-2026 06:30";"FT";"Gold Coast Knights";"2";"1";"Magic United";"95";"95";"75";"90";"4.5";"3";"70 | 13";"60";"35";"1.4 | 3.1";"2.5 | 1"
"Australia";"AUS";"Npl Victoria";"19-06-2026 06:30";"FT";"Bentleigh Greens";"1";"5";"South Melbourne";"95";"90";"80";"85";"2.8";"2";"27 | 43";"45";"35";"2.8 | 2.3";"0.9 | 1.8"
"Australia";"AUS";"Npl Victoria";"19-06-2026 07:15";"INPLAY_2ND_HALF";"Oakleigh Cannons";"3";"1";"Melbourne City II";"100";"85";"35";"65";"";"1";"73 | 50";"50";"70";"0.5 | 1";"2.1 | 1.8"
"Australia";"AUS";"Victoria NPL Youth League";"19-06-2026 05:15";"FT";"Oakleigh Cannons U23";"1";"1";"Melbourne City FC U23";"100";"90";"70";"90";"";"2";"53 | 83";"65";"35";"1.5 | 1.2";"2.1 | 3.9"
"Australia";"AUS";"Brisbane Reserves Premier League";"19-06-2026 05:30";"AWAITING_UPDATES";"Yeronga Eagles U23";"";"";"Univ. Queensland U23";"95";"95";"85";"";"4";"";"63 | 37";"70";"40";"1.8 | 1.6";"2.7 | 2.6"
"Australia";"AUS";"Victoria Premier League 2";"19-06-2026 06:30";"FT";"Langwarrin";"5";"0";"Port Melbourne";"90";"80";"70";"65";"";"1";"47 | 17";"55";"40";"2 | 2.9";"1.7 | 0.7"
"Australia";"AUS";"Victoria Premier League 2";"19-06-2026 07:30";"INPLAY_2ND_HALF";"Eltham Redbacks";"2";"3";"Western United II";"95";"95";"85";"85";"";"1";"30 | 33";"70";"35";"2.1 | 2.4";"2.3 | 1.7"
"Australia";"AUS";"Victoria Premier League 2";"19-06-2026 07:30";"INPLAY_2ND_HALF";"Brunswick Juventus";"1";"3";"Bulleen Lions";"90";"60";"45";"50";"";"5";"47 | 60";"45";"75";"1 | 1.1";"0.8 | 2"
"Australia";"AUS";"Northern Territory Premier League";"19-06-2026 08:00";"INPLAY_1ST_HALF";"Uni Azzurri";"1";"1";"Mindil Aces";"100";"95";"80";"95";"2.9";"1";"100 | 63";"55";"25";"0.9 | 0.9";"4.1 | 3.2"
"Australia";"AUS";"Queensland Premier League";"19-06-2026 07:30";"INPLAY_2ND_HALF";"Holland Park Hawks";"1";"1";"St George Willawong";"100";"90";"65";"80";"2.7";"1";"43 | 13";"55";"50";"1.9 | 3.2";"2.1 | 0.5"
"Australia";"AUS";"Queensland Premier League";"19-06-2026 07:30";"INPLAY_2ND_HALF";"Caboolture";"1";"2";"Brisbane Strikers";"100";"95";"80";"80";"4";"2";"63 | 73";"60";"55";"1.7 | 1.1";"2.3 | 2.8"
"Australia";"AUS";"Victoria NPL 2 Youth";"19-06-2026 05:15";"AWAITING_UPDATES";"Whittlesea United U23";"";"";"Bayside Argonauts U23";"95";"85";"70";"";"";"";"73 | 37";"65";"45";"1.1 | 2.6";"2.5 | 1.9"
"Australia";"AUS";"Victoria NPL 2 Youth";"19-06-2026 05:15";"AWAITING_UPDATES";"Essendon Royals U23";"";"";"Werribee City U23";"95";"85";"65";"";"3";"";"53 | 37";"70";"45";"1.7 | 2.8";"2.1 | 3"
"Australia";"AUS";"Victoria NPL 2 Youth";"19-06-2026 23:45";"NS";"Keilor Park U23";"";"";"Goulburn Valley Suns U23";"90";"80";"45";"";"";"";"60 | 33";"65";"75";"1 | 1.5";"2.6 | 1.3"
"Australia";"AUS";"South Australia State League 1 Reserves";"19-06-2026 23:45";"NS";"Adelaide Atletico Res.";"";"";"Adelaide Raiders Res.";"100";"90";"85";"80";"";"5";"27 | 33";"70";"45";"2.2 | 2.4";"1.5 | 2.1"
"Australia";"AUS";"Capital Territory NPL Youth League";"19-06-2026 23:00";"NS";"Canberra Olympic U23";"";"";"Monaro Panthers U23";"100";"100";"90";"100";"4.4";"2";"50 | 70";"90";"20";"2.1 | 1.6";"2.2 | 3.4"
"Australia";"AUS";"Capital Territory NPL Youth League";"19-06-2026 23:45";"NS";"Tuggeranong United U23";"";"";"Canberra White Eagles U23";"100";"90";"90";"95";"";"3";"70 | 0";"65";"35";"1.8 | 3.6";"2.6 | 0.7"
"Australia";"AUS";"Capital Territory NPL Youth League";"19-06-2026 23:45";"NS";"Brindabella Blues U23";"";"";"O'Connor Knights U23";"100";"95";"90";"90";"";"4";"23 | 43";"65";"20";"3.8 | 2.9";"0.9 | 2.4"
"Australia";"AUS";"Northern NSW Reserve League";"19-06-2026 22:30";"NS";"Cooks Hill United Res.";"";"";"Weston Workers Res.";"95";"85";"85";"80";"4.5";"1";"63 | 53";"70";"40";"1.9 | 1.6";"2.8 | 2.3"
"Australia";"AUS";"Northern NSW Reserve League";"19-06-2026 23:00";"NS";"Lambton Jaffas Res.";"";"";"Adamstown Rosebuds Res.";"90";"85";"70";"80";"2.9";"1";"37 | 23";"75";"45";"2 | 2";"1.8 | 1.6"
"Australia";"AUS";"Northern NSW State League 1 Reserves";"19-06-2026 23:00";"NS";"Toronto Awaba Res.";"";"";"South Cardiff Res.";"100";"95";"90";"";"3.6";"";"50 | 20";"70";"20";"2.9 | 3";"2.7 | 1.7"
"Australia";"AUS";"Victoria NPL 3";"19-06-2026 06:30";"FT";"Box Hill United";"3";"1";"Kingston City";"95";"90";"60";"80";"";"";"50 | 20";"45";"70";"1 | 2.8";"1.5 | 0.6"
"Australia";"AUS";"Victoria NPL 3";"19-06-2026 06:45";"FT";"Eastern Lions";"0";"0";"Springvale White Eagles";"100";"90";"55";"85";"";"";"37 | 37";"55";"70";"1.3 | 2.3";"1.5 | 1.2"
"Australia";"AUS";"Victoria NPL 3";"19-06-2026 07:30";"TBA";"Whittlesea United";"";"";"Bayside Argonauts";"95";"85";"50";"65";"";"";"63 | 43";"45";"65";"0.6 | 1.6";"1.8 | 1.6"
"Australia";"AUS";"Victoria NPL 3";"19-06-2026 07:30";"INPLAY_2ND_HALF";"Essendon Royals";"2";"2";"Werribee City";"100";"80";"55";"60";"4";"";"70 | 43";"35";"55";"1.1 | 1.4";"2.7 | 1.3"
"Australia";"AUS";"New South Wales NPL 3";"19-06-2026 07:00";"FT";"Sydney University";"2";"2";"Stanmore Hawks";"100";"70";"55";"70";"3.1";"1";"47 | 23";"55";"75";"1.6 | 1.8";"1.3 | 0.9"
"Australia";"AUS";"New South Wales NPL 3";"19-06-2026 07:00";"FT";"Mounties Wanderers";"6";"0";"Parramatta";"95";"90";"75";"70";"5.3";"1";"73 | 57";"50";"50";"0.9 | 1";"3 | 2.2"
"Australia";"AUS";"New South Wales NPL 3 Youth";"19-06-2026 05:00";"AWAITING_UPDATES";"Sydney University U20";"";"";"Inner West Hawks U20";"100";"85";"80";"";"3";"";"60 | 50";"60";"50";"1.8 | 1.3";"2.3 | 2.3"
"Australia";"AUS";"New South Wales NPL 3 Youth";"19-06-2026 05:00";"AWAITING_UPDATES";"Mounties Wanderers U20";"";"";"Parramatta U20";"85";"65";"60";"";"4";"";"63 | 67";"50";"75";"1.4 | 0.6";"2.1 | 1.2"
"Australia";"AUS";"Queensland PL Youth";"19-06-2026 05:30";"FT";"Holland Park U23";"2";"0";"St George Willawong U23";"100";"90";"90";"89";"3.3";"";"43 | 10";"70";"50";"1.9 | 3.1";"1.6 | 0.9"
"Australia";"AUS";"Queensland PL Youth";"19-06-2026 05:30";"TBA";"Caboolture U23";"";"";"Brisbane Strikers U23";"95";"90";"90";"90";"4.3";"";"40 | 53";"70";"35";"1.9 | 2";"2.3 | 2.2"
"Australia";"AUS";"Queensland PL Youth";"19-06-2026 23:15";"NS";"Robina City U23";"";"";"Logan Lightning U23";"90";"85";"85";"78";"";"";"70 | 70";"70";"25";"2 | 1.2";"3.2 | 2.8"
"Australia";"AUS";"Tasmania Southern Championship";"19-06-2026 07:15";"INPLAY_2ND_HALF";"Olympia FC";"2";"1";"South Hobart II";"100";"100";"90";"84";"5.6";"2";"53 | 83";"85";"20";"2.3 | 1.6";"2.6 | 5.2"
"Australia";"AUS";"TAS NPL Youth";"19-06-2026 23:15";"NS";"Riverside Olympic U21";"";"";"Launceston City U21";"100";"85";"70";"";"2.8";"";"30 | 67";"60";"40";"3 | 1.3";"2.1 | 2.2"
"Australia";"AUS";"TAS NPL Youth";"19-06-2026 23:15";"NS";"South East United U21";"";"";"Glenorchy Knights U21";"100";"85";"60";"";"";"";"20 | 83";"45";"40";"3.1 | 1.4";"0.7 | 2.3"
"Australia";"AUS";"TAS NPL Youth";"19-06-2026 23:15";"NS";"Devonport Strikers U21";"";"";"Clarence Zebras U21";"100";"85";"80";"";"2.7";"";"60 | 63";"55";"45";"1.4 | 1.7";"2.5 | 2.4"
"Australia";"AUS";"TAS NPL Youth";"19-06-2026 23:15";"NS";"Launceston United U21";"";"";"Ulverstone U21";"100";"95";"70";"";"";"";"10 | 43";"55";"50";"5.4 | 2.5";"0.7 | 2"
"Belarus";"BLR";"Vysshaya Liga";"19-06-2026 12:00";"NS";"Naftan";"";"";"Baranovichi";"90";"85";"65";"80";"3.3";"5";"7 | 37";"55";"55";"2.5 | 2.1";"0.6 | 1.2"
"Belarus";"BLR";"Pershaya Liga";"19-06-2026 10:30";"NS";"Minsk II";"";"";"Volna";"100";"80";"70";"65";"2.7";"5";"33 | 47";"70";"55";"2.2 | 1.7";"1 | 1.6"
"Belarus";"BLR";"Pershaya Liga";"19-06-2026 11:30";"NS";"Lida";"";"";"Gomel II";"90";"90";"65";"70";"4";"1";"47 | 33";"75";"65";"2 | 1.5";"1.7 | 1.3"
"Belarus";"BLR";"Pershaya Liga";"19-06-2026 12:30";"NS";"Dinamo Minsk II";"";"";"Slonim";"95";"85";"60";"65";"2.9";"5";"57 | 67";"60";"60";"1.5 | 0.7";"2.3 | 1.8"
"Brazil";"BRA";"Baiano 2";"19-06-2026 15:00";"NS";"Leonico";"";"";"Jacobina";"95";"90";"70";"75";"1.5";"";"23 | 27";"45";"70";"2.7 | 1.9";"1 | 0.8"
"Brazil";"BRA";"Brasiliense U20";"19-06-2026 21:00";"NS";"Capital DF U20";"";"";"CFZ Brasilia U20";"100";"85";"75";"66";"7";"";"73 | 50";"30";"40";"1.7 | 2.9";"2.9 | 2.4"
"Brazil";"BRA";"Cearense U20";"19-06-2026 15:00";"NS";"Horizonte U20";"";"";"Juazeiro CE U20";"95";"85";"70";"72";"";"";"33 | 43";"40";"55";"1.7 | 2.1";"1.3 | 2.1"
"Brazil";"BRA";"Cearense U20";"19-06-2026 21:00";"NS";"Caucaia U20";"";"";"Fortaleza U20";"80";"80";"50";"57";"5";"";"47 | 30";"45";"80";"1.2 | 1.4";"0.9 | 1.4"
"China";"CHN";"League Two";"19-06-2026 07:00";"FT";"Dalian Yingbo B";"2";"1";"Haimen Codion";"75";"60";"30";"55";"";"5";"40 | 40";"45";"75";"1 | 0.8";"1 | 1.1"
"China";"CHN";"League Two";"19-06-2026 08:00";"HT";"Guangzhou Dandelion";"0";"2";"Hubei Istar";"75";"65";"45";"65";"3";"1";"40 | 50";"40";"85";"1.2 | 1";"0.9 | 1"
"China";"CHN";"League Two";"19-06-2026 08:30";"INPLAY_1ST_HALF";"Ganzhou Ruishi";"0";"0";"Guangdong Mingtu";"90";"65";"35";"60";"2";"5";"47 | 27";"50";"90";"0.9 | 1.4";"0.9 | 1"
"China";"CHN";"League Two";"19-06-2026 08:30";"INPLAY_1ST_HALF";"Guizhou Zhucheng Athletic";"1";"0";"Xiamen Feilu";"100";"80";"60";"70";"";"1";"70 | 50";"55";"70";"0.9 | 1.4";"2 | 1.8"
"Cameroon";"CMR";"Elite Two";"19-06-2026 21:00";"NS";"Avion Academy";"";"";"Kumba City";"90";"55";"30";"55";"1";"";"47 | 40";"35";"90";"1.2 | 1.2";"0.7 | 0.9"
"Cameroon";"CMR";"Elite Two";"19-06-2026 21:00";"NS";"Atlantic";"";"";"APEJES Academy";"85";"60";"45";"55";"1.5";"";"60 | 77";"45";"85";"0.6 | 0.7";"0.9 | 2.4"
"Cameroon";"CMR";"Elite Two";"19-06-2026 21:00";"NS";"Union Abong-Mbang";"";"";"Les Astres";"90";"75";"45";"75";"";"";"70 | 43";"45";"90";"0.6 | 1.6";"1.3 | 1.4"
"Ecuador";"ECU";"Superliga Femenina";"19-06-2026 17:30";"NS";"Carneras W";"";"";"Macará W";"95";"85";"70";"85";"2";"5";"40 | 43";"35";"50";"2.2 | 2.2";"0.8 | 1.5"
"Ecuador";"ECU";"Superliga Femenina";"19-06-2026 18:00";"NS";"Barcelona W";"";"";"Deportivo Ibarra W";"100";"100";"60";"70";"2.6";"";"83 | 47";"35";"50";"0.4 | 2.3";"3.2 | 1.7"
"Spain";"ESP";"Primera Division RFEF: Promotion";"19-06-2026 16:00";"NS";"Sabadell";"";"";"Zamora";"100";"60";"40";"60";"";"1";"53 | 70";"30";"85";"1.1 | 0.7";"1.4 | 1.4"
"Estonia";"EST";"Esiliiga B";"19-06-2026 13:00";"NS";"Vaprus II";"";"";"Tallinna Kalev II";"100";"95";"85";"80";"";"1";"53 | 33";"85";"35";"2.3 | 1.9";"3 | 2.3"
"Estonia";"EST";"Esiliiga B";"19-06-2026 13:30";"NS";"Tulevik";"";"";"FCI Tallinn";"100";"95";"85";"100";"3.5";"1";"80 | 47";"70";"20";"2 | 2.1";"3.2 | 3.1"
"Fiji";"FIJ";"FA Cup";"19-06-2026 00:00";"FT";"Ba";"4";"1";"Nadroga";"95";"90";"70";"90";"3.4";"1";"67 | 30";"55";"60";"0.8 | 2";"3.2 | 1.3"
"Fiji";"FIJ";"FA Cup";"19-06-2026 02:00";"FT";"Rewa";"2";"1";"Navua";"95";"65";"45";"65";"1.6";"1";"53 | 40";"55";"75";"1.2 | 1.5";"1.5 | 1.1"
"Fiji";"FIJ";"FA Cup";"19-06-2026 04:30";"FT";"Labasa";"1";"1";"Suva";"85";"80";"65";"68";"1.3";"5";"70 | 57";"55";"65";"1 | 1";"2.2 | 2"
"Fiji";"FIJ";"FA Cup";"19-06-2026 21:00";"NS";"Nasinu";"";"";"Nadroga";"95";"90";"80";"85";"3.8";"5";"37 | 30";"70";"50";"2.8 | 2";"1.3 | 1.3"
"Fiji";"FIJ";"FA Cup";"19-06-2026 23:00";"NS";"Rewa";"";"";"Suva";"90";"70";"55";"64";"2";"1";"53 | 57";"50";"70";"1.2 | 1";"1.5 | 2"
"Faroe Islands";"FRO";"1. Deild";"19-06-2026 14:00";"NS";"ÍF";"";"";"NSÍ II";"100";"95";"70";"90";"4.1";"1";"37 | 53";"70";"60";"2.1 | 1.4";"1.7 | 1.5"
"Faroe Islands";"FRO";"1. Deild";"19-06-2026 14:00";"NS";"Suduroy";"";"";"TB";"100";"95";"75";"80";"3.1";"";"50 | 40";"65";"45";"1.9 | 2";"2.7 | 1.6"
"Faroe Islands";"FRO";"Meistaradeildin";"19-06-2026 14:30";"NS";"Víkingur";"";"";"KÍ";"80";"80";"60";"70";"2";"2";"57 | 80";"65";"65";"1 | 0.8";"1.7 | 2.3"
"Faroe Islands";"FRO";"2. Deild";"19-06-2026 21:00";"NS";"MB";"";"";"NSÍ III";"100";"90";"80";"88";"";"";"10 | 43";"70";"20";"4.8 | 3.3";"1.8 | 1.8"
"Faroe Islands";"FRO";"2. Deild";"19-06-2026 21:00";"NS";"Víkingur III";"";"";"Skála II";"95";"95";"75";"72";"5.5";"";"63 | 20";"80";"40";"2.7 | 2.8";"3.1 | 1.6"
"Faroe Islands";"FRO";"2. Deild";"19-06-2026 21:00";"NS";"KÍ II";"";"";"07 Vestur II";"100";"85";"60";"60";"4.2";"";"77 | 57";"75";"50";"1.2 | 1.8";"2.7 | 2.8"
"Faroe Islands";"FRO";"2. Deild";"19-06-2026 21:00";"NS";"AB Argir II";"";"";"B71 II";"100";"94";"79";"84";"";"";"70 | 33";"79";"47";"1.5 | 2.8";"2.9 | 2.1"
"Faroe Islands";"FRO";"2. Deild";"19-06-2026 21:00";"NS";"B68 II";"";"";"ÍF II";"95";"90";"85";"82";"4.5";"";"57 | 23";"70";"35";"1.6 | 3.4";"2.5 | 1.4"
"Gabon";"GAB";"Champoinnat D1";"19-06-2026 21:00";"POSTPONED";"Oyem AC";"";"";"Lozo";"95";"65";"40";"70";"";"";"33 | 57";"40";"75";"1.3 | 1.2";"1.2 | 1.3"
"Gabon";"GAB";"Champoinnat D1";"19-06-2026 21:00";"POSTPONED";"Stade Migovéen";"";"";"Stade Mandji";"75";"55";"45";"40";"3";"";"37 | 77";"50";"75";"1.2 | 0.5";"1 | 1.6"
"Gabon";"GAB";"Champoinnat D1";"19-06-2026 21:00";"POSTPONED";"Mangasport";"";"";"Vautour Club";"100";"70";"55";"80";"2";"";"80 | 50";"50";"75";"1.1 | 0.8";"2.6 | 1"
"Gabon";"GAB";"Champoinnat D1";"19-06-2026 21:00";"POSTPONED";"Bitam";"";"";"Bouenguidi";"95";"80";"40";"70";"1.7";"";"50 | 17";"65";"80";"1.2 | 1.5";"1.3 | 0.8"
"Gabon";"GAB";"Champoinnat D1";"19-06-2026 21:00";"POSTPONED";"FC 105";"";"";"Oyem";"95";"85";"50";"60";"2.6";"";"50 | 47";"55";"70";"1.5 | 1.3";"1.3 | 1.6"
"Gabon";"GAB";"Champoinnat D1";"19-06-2026 21:00";"POSTPONED";"Cercle Mbéri";"";"";"Ogooue";"90";"75";"50";"75";"";"";"53 | 57";"55";"75";"0.8 | 1.4";"1.3 | 1.7"
"Gabon";"GAB";"Champoinnat D1";"19-06-2026 21:00";"POSTPONED";"Dikaki";"";"";"Lambaréné";"95";"90";"60";"65";"";"";"3 | 40";"55";"55";"3 | 1.3";"0.6 | 1.4"
"Germany";"GER";"State Leagues: Sachsen - Anhalt";"19-06-2026 14:00";"NS";"Eintracht Emseloh";"";"";"Haldensleben";"100";"95";"85";"";"6";"";"60 | 43";"70";"30";"1.7 | 2.6";"3 | 1.5"
"Germany";"GER";"State Leagues: Sachsen - Anhalt";"19-06-2026 14:00";"NS";"Bitterfeld-Wolfen";"";"";"SSC Weißenfels";"95";"75";"50";"";"3.3";"";"57 | 73";"35";"60";"1.1 | 1.2";"1.5 | 2.2"
"Germany";"GER";"State Leagues: Sachsen - Anhalt";"19-06-2026 14:00";"NS";"Fortuna Magdeburg";"";"";"Blau Weiß Dölau";"85";"85";"70";"";"3.4";"";"47 | 20";"50";"45";"2.1 | 2";"1.8 | 0.9"
"Germany";"GER";"State Leagues: Sachsen - Anhalt";"19-06-2026 14:00";"NS";"Havelwinkel Warnau";"";"";"Barleben";"95";"95";"75";"";"";"";"23 | 40";"60";"35";"2.6 | 2.3";"1.5 | 2"
"Germany";"GER";"State Leagues: Sachsen - Anhalt";"19-06-2026 14:00";"NS";"Bernburg";"";"";"Sangerhausen";"100";"100";"85";"";"4.3";"";"53 | 33";"75";"30";"2.2 | 2.8";"2.2 | 1.4"
"Germany";"GER";"State Leagues: Sachsen - Anhalt";"19-06-2026 14:00";"NS";"Halle-Ammendorf";"";"";"Dessau 05";"100";"95";"80";"";"3";"";"63 | 70";"70";"45";"1.7 | 1.3";"3.4 | 2.6"
"Germany";"GER";"State Leagues: Sachsen - Anhalt";"19-06-2026 14:00";"NS";"Blau-Weiß Zorbau";"";"";"Westerhausen";"95";"80";"65";"";"5.2";"";"50 | 53";"40";"60";"1.4 | 0.9";"2.1 | 1.8"
"Germany";"GER";"State Leagues: Sachsen - Anhalt";"19-06-2026 14:00";"NS";"Rot-Weiß Thalheim";"";"";"VfB IMO Merseburg";"95";"85";"75";"";"";"";"20 | 37";"70";"40";"2.9 | 2.8";"1.1 | 1.8"
"Iceland";"ISL";"Inkasso-Deildin";"19-06-2026 16:15";"NS";"Njardvík";"";"";"Leiknir Reykjavík";"85";"75";"50";"45";"3.4";"1";"37 | 50";"40";"85";"1.4 | 1.1";"1.4 | 1.2"
"Iceland";"ISL";"2. Deild";"19-06-2026 16:00";"NS";"Fjölnir";"";"";"Hvíti riddarinn";"95";"90";"70";"75";"";"1";"53 | 37";"80";"35";"2.5 | 2";"2.9 | 1.7"
"Iceland";"ISL";"2. Deild";"19-06-2026 16:15";"NS";"Thróttur Vogar";"";"";"Kári";"95";"90";"75";"70";"3.5";"5";"27 | 53";"75";"35";"2 | 2.1";"1.4 | 2.8"
"Iceland";"ISL";"4. Deild";"19-06-2026 16:00";"NS";"Úlfarnir";"";"";"Vaengir Jupiters";"95";"85";"80";"80";"6.3";"5";"37 | 50";"80";"30";"2.8 | 2.4";"1.9 | 2.7"
"Iceland";"ISL";"3. Deild";"19-06-2026 16:00";"NS";"KH Hlidarendi";"";"";"Tindastóll";"95";"90";"85";"90";"4";"5";"53 | 63";"80";"35";"1.7 | 1.5";"3.1 | 2.2"
"Iceland";"ISL";"3. Deild";"19-06-2026 16:15";"NS";"KA Asvellir";"";"";"Árbær";"95";"90";"85";"90";"";"1";"23 | 33";"70";"35";"2.4 | 3";"1.2 | 1.6"
"Iceland";"ISL";"3. Deild";"19-06-2026 16:15";"NS";"Vídir";"";"";"Reynir";"100";"90";"70";"85";"3.9";"1";"70 | 53";"80";"45";"1.2 | 2";"2 | 2.4"
"Japan";"JPN";"Regional Leagues: Chugoku";"19-06-2026 23:00";"NS";"Beluga Rosso Hamada";"";"";"Variamore Aki";"100";"90";"75";"84";"";"";"83 | 33";"60";"55";"0.7 | 2.4";"2.4 | 1.3"
"Kazakhstan";"KAZ";"First Division";"19-06-2026 10:00";"NS";"Shakhter Karagandy";"";"";"Jaiyq";"95";"60";"50";"65";"";"3";"73 | 50";"25";"60";"0.7 | 1.4";"3 | 0.9"
"Kazakhstan";"KAZ";"First Division";"19-06-2026 11:00";"NS";"Khan Tengri";"";"";"Taraz";"95";"70";"60";"60";"1.8";"5";"47 | 57";"45";"85";"1.2 | 1";"1.3 | 1.7"
"Kuwait";"KUW";"Zain Premier League";"19-06-2026 13:05";"NS";"Al Fahaheel";"";"";"Kazma";"100";"85";"45";"80";"3.2";"2";"23 | 53";"45";"65";"2.4 | 1.3";"0.9 | 1.4"
"Kuwait";"KUW";"Zain Premier League";"19-06-2026 14:45";"NS";"Al Salmiyah";"";"";"Al Kuwait";"90";"80";"60";"80";"3.6";"2";"63 | 70";"40";"70";"0.9 | 1";"1.5 | 2.3"
"Kuwait";"KUW";"Zain Premier League";"19-06-2026 15:45";"NS";"Al Arabi SC";"";"";"Al Qadsia";"90";"65";"35";"65";"2.6";"5";"50 | 73";"35";"85";"0.9 | 0.9";"1.4 | 1.5"
"Lithuania";"LTU";"1. Lyga";"19-06-2026 12:00";"NS";"Babrungas";"";"";"Be1 NFA";"100";"60";"45";"65";"1.8";"1";"77 | 73";"35";"75";"0.4 | 0.8";"2.3 | 2"
"Lithuania";"LTU";"1. Lyga";"19-06-2026 13:30";"NS";"Garliava";"";"";"TransINVEST Vilnius II";"100";"85";"70";"75";"0.5";"3";"47 | 33";"55";"75";"1 | 2.6";"1.5 | 0.9"
"Latvia";"LVA";"Latvian Cup";"19-06-2026 13:00";"NS";"Mārupe";"";"";"Aliance";"95";"90";"80";"55";"";"";"53 | 53";"55";"45";"1.3 | 1.9";"1.8 | 4.5"
"Macau";"MAC";"Primeira Division";"19-06-2026 10:00";"NS";"Jia Hua";"";"";"Benfica de Macau";"95";"90";"90";"85";"3";"1";"63 | 50";"60";"35";"1.6 | 1.9";"2.7 | 2.5"
"Madagascar";"MAD";"Pro League";"19-06-2026 21:00";"NS";"CNaPS Sport";"";"";"Ajesaia";"90";"60";"45";"";"2.3";"";"67 | 73";"45";"70";"0.7 | 0.6";"2.1 | 1.5"
"New Caledonia";"NCL";"Super Ligue";"19-06-2026 23:00";"NS";"Saint Louis";"";"";"Hienghene Sport";"60";"55";"40";"";"1.7";"";"27 | 47";"40";"80";"1.3 | 0.7";"0.7 | 1"
"Norway";"NOR";"1. Division";"19-06-2026 14:00";"NS";"Ranheim";"";"";"Lyn";"95";"85";"75";"75";"2.2";"1";"47 | 33";"45";"55";"2.2 | 1.7";"2.6 | 0.6"
"Norway";"NOR";"3. Division - Group 2";"19-06-2026 14:00";"NS";"Melhus";"";"";"Rosenborg II";"95";"95";"85";"80";"4.4";"1";"70 | 47";"55";"40";"1.3 | 1.8";"2.7 | 2.1"
"Norway";"NOR";"3. Division - Group 4";"19-06-2026 13:00";"NS";"Hinna";"";"";"Brodd";"100";"95";"85";"80";"3.7";"5";"27 | 40";"75";"45";"3 | 2.3";"1.6 | 1.8"
"Norway";"NOR";"NM Cupen U19";"19-06-2026 14:30";"NS";"Sandnes Ulf U19";"";"";"Haugesund U19";"100";"100";"95";"100";"4.5";"2";"27 | 53";"65";"25";"3.7 | 2.2";"1.5 | 3.2"
"New Zealand";"NZL";"National League";"19-06-2026 04:00";"FT";"Auckland II";"0";"1";"Western Springs";"100";"85";"60";"80";"3.5";"5";"70 | 47";"45";"55";"1.3 | 1.8";"2 | 1.8"
"New Zealand";"NZL";"National League";"19-06-2026 21:45";"NS";"Northern AFC";"";"";"Ferrymead Bays";"100";"90";"70";"94";"";"2";"53 | 83";"55";"70";"1.5 | 1";"1.4 | 3"
"New Zealand";"NZL";"National League";"19-06-2026 22:00";"NS";"Island Bay United";"";"";"Napier City Rovers";"100";"95";"80";"94";"5.2";"4";"43 | 83";"45";"40";"2.6 | 0.7";"1.8 | 3.2"
"New Zealand";"NZL";"National League";"19-06-2026 23:45";"NS";"Nelson Suburbs";"";"";"Wanaka";"100";"100";"85";"89";"3.5";"3";"60 | 20";"55";"35";"2 | 3.3";"3 | 1"
"Russia";"RUS";"Third Division - Ural and Western Siberia";"19-06-2026 21:00";"NS";"Metallurg Asha";"";"";"Ufa II";"85";"60";"50";"46";"3.5";"";"77 | 53";"35";"55";"0.3 | 1.3";"1.7 | 2"
"Russia";"RUS";"Third Division - Ural and Western Siberia";"19-06-2026 21:00";"NS";"SShOR Zvezda Perm";"";"";"Tobol Kurgan";"100";"76";"52";"66";"";"";"52 | 30";"46";"68";"1.3 | 1.6";"1.4 | 1.3"
"Russia";"RUS";"Third Division - Ural and Western Siberia";"19-06-2026 21:00";"NS";"Amkar Perm II";"";"";"Metallurg Magnitogorsk";"90";"70";"50";"58";"4";"";"13 | 80";"30";"60";"2.1 | 0.6";"0.6 | 2.4"
"Russia";"RUS";"Third Division - Ural and Western Siberia";"19-06-2026 21:00";"NS";"Irtysh Omsk II";"";"";"Chelyabinsk III";"100";"80";"65";"84";"2";"";"43 | 30";"55";"50";"2 | 2.4";"1.1 | 1.3"
"Russia";"RUS";"Third Division - Ural and Western Siberia";"19-06-2026 21:00";"NS";"Torpedo Miass II";"";"";"Tyumen II";"95";"80";"60";"68";"2.5";"";"13 | 50";"45";"55";"2.5 | 2";"0.6 | 1.5"
"Russia";"RUS";"Third Division - Ural and Western Siberia";"19-06-2026 21:00";"CANCELLED";"Ilpar";"";"";"Triumf";"85";"80";"65";"";"7";"";"60 | 40";"70";"50";"1.1 | 1.8";"2.5 | 1.1"
"Russia";"RUS";"Third Division - Privolzhye";"19-06-2026 21:00";"NS";"Olimp Samara";"";"";"ZaKiDok";"92";"92";"84";"";"";"";"56 | 100";"40";"40";"1.5 | 0.1";"2.3 | 4.7"
"Russia";"RUS";"Third Division - Privolzhye";"19-06-2026 21:00";"NS";"Zenit Izhevsk II";"";"";"BoMiK";"100";"90";"50";"";"2";"";"50 | 90";"45";"60";"1.4 | 0.6";"1.8 | 2.4"
"Russia";"RUS";"Third Division - Privolzhye";"19-06-2026 21:00";"NS";"Sokol Saratov II";"";"";"Nizhny Novgorod II";"100";"100";"75";"";"";"";"13 | 30";"45";"50";"2.8 | 2.4";"1 | 1.1"
"Russia";"RUS";"Third Division - Privolzhye";"19-06-2026 21:00";"NS";"Iskra Engels";"";"";"Feonit";"100";"86";"78";"";"";"";"0 | 43";"43";"29";"4.4 | 2.3";"0.7 | 1.9"
"Russia";"RUS";"Third Division - Privolzhye";"19-06-2026 21:00";"NS";"Dorozhnik";"";"";"Volga Ulyanovsk II";"90";"90";"65";"";"4.1";"";"73 | 43";"50";"45";"1 | 1.8";"3.5 | 1.2"
"Sierra Leone";"SLE";"Premier League";"19-06-2026 13:30";"NS";"Freetown City";"";"";"Wilberforce Strikers";"75";"50";"40";"45";"1.4";"";"23 | 47";"35";"85";"1.7 | 0.6";"0.9 | 0.6"
"Sierra Leone";"SLE";"Premier League";"19-06-2026 13:30";"POSTPONED";"Kallon";"";"";"Luawa";"90";"40";"25";"45";"2.1";"";"17 | 43";"20";"95";"1.6 | 0.7";"0.5 | 0.5"
"Syria";"SYR";"Premier League";"19-06-2026 12:00";"NS";"Al Jaish";"";"";"Al Futuwa";"80";"50";"25";"55";"3";"5";"43 | 27";"35";"80";"0.6 | 1.7";"0.8 | 0.8"
"Syria";"SYR";"Premier League";"19-06-2026 12:00";"NS";"Hottin";"";"";"Khan Sheikhoun";"95";"75";"40";"45";"";"1";"50 | 40";"50";"90";"1.4 | 1.1";"1.2 | 0.8"
"Syria";"SYR";"Premier League";"19-06-2026 12:00";"NS";"Jabala";"";"";"Homs Al Fidaa";"95";"70";"55";"70";"";"";"30 | 87";"50";"75";"2.2 | 0.4";"0.9 | 1.9"
"Syria";"SYR";"Premier League";"19-06-2026 12:00";"NS";"Horriya";"";"";"Damascus Al Ahli";"100";"75";"30";"65";"";"5";"43 | 50";"35";"85";"0.8 | 1.4";"1.3 | 1.2"
"Syria";"SYR";"Premier League";"19-06-2026 12:00";"NS";"Wahda";"";"";"Al-Ittihad Aleppo";"100";"80";"55";"65";"1.7";"";"70 | 77";"50";"70";"0.9 | 0.8";"1.6 | 2.4"
"Syria";"SYR";"Premier League";"19-06-2026 12:00";"NS";"Umayya";"";"";"Taliya";"95";"70";"45";"65";"2.4";"2";"27 | 43";"55";"70";"1.8 | 1.1";"1.1 | 0.9"
"Syria";"SYR";"Premier League";"19-06-2026 12:00";"NS";"Al Shouleh";"";"";"Tishreen";"85";"70";"45";"65";"2.5";"2";"20 | 47";"50";"85";"1.1 | 1.4";"0.5 | 1.6"
"Syria";"SYR";"Premier League";"19-06-2026 12:00";"NS";"Al Karama";"";"";"Al Shorta";"100";"80";"50";"60";"2.1";"1";"57 | 43";"55";"70";"1.4 | 1.6";"1.8 | 1"
"United States";"USA";"USL League Two";"19-06-2026 17:30";"NS";"Brevard Fire";"";"";"Weston";"95";"80";"70";"65";"";"";"23 | 33";"55";"45";"2.7 | 1.8";"1.7 | 1"
"United States";"USA";"USL League Two";"19-06-2026 20:00";"NS";"Tobacco Road";"";"";"Asheville City";"95";"85";"65";"75";"";"2";"30 | 47";"75";"40";"2.3 | 1.1";"2.2 | 1.6"
"United States";"USA";"USL League Two";"19-06-2026 20:00";"NS";"Loudoun United II";"";"";"Bethesda SC";"100";"100";"94";"94";"";"5";"29 | 48";"73";"26";"2.9 | 2.4";"1.8 | 2"
"United States";"USA";"USL League Two";"19-06-2026 20:30";"NS";"Western Mass Pioneers";"";"";"Boston";"90";"75";"65";"90";"3.7";"1";"77 | 37";"60";"45";"1.1 | 2.2";"2.1 | 1.5"
"United States";"USA";"USL League Two";"19-06-2026 21:00";"NS";"FC Motown II";"";"";"New Jersey Copa";"95";"85";"70";"90";"5.1";"";"93 | 33";"60";"35";"0.7 | 2.7";"3.4 | 1.5"
"United States";"USA";"USL League Two";"19-06-2026 21:00";"NS";"Houston Sur";"";"";"Houston FC";"100";"100";"85";"80";"1.7";"2";"7 | 47";"75";"45";"3.7 | 2.1";"1.1 | 2"
"United States";"USA";"USL League Two";"19-06-2026 22:00";"NS";"Snohomish United";"";"";"Bangers";"100";"90";"75";"90";"1.3";"";"93 | 70";"55";"55";"0.7 | 1.4";"3.3 | 1.8"
"United States";"USA";"USL League One";"19-06-2026 20:00";"NS";"Westchester SC";"";"";"Portland Hearts of Pine";"100";"85";"75";"90";"4.3";"5";"17 | 40";"65";"50";"2.1 | 2.1";"1.1 | 1.6"
"United States";"USA";"NPSL";"19-06-2026 20:00";"NS";"Siouxland United";"";"";"Duluth";"85";"80";"70";"78";"2.8";"";"77 | 63";"60";"45";"0.9 | 1.1";"2.6 | 2.3"
"United States";"USA";"NPSL";"19-06-2026 21:00";"NS";"Wisconsin Conquerors";"";"";"Michigan Rangers";"100";"100";"90";"100";"4.7";"";"40 | 73";"80";"30";"2.9 | 1.6";"1.8 | 3.7"
"United States";"USA";"WPSL";"19-06-2026 19:00";"NS";"Inter CT FC";"";"";"Connecticut Rush W";"95";"90";"80";"";"";"4";"0 | 67";"35";"45";"4 | 1.7";"0.2 | 2.2"
"United States";"USA";"WPSL";"19-06-2026 20:00";"NS";"Real Central NJ W";"";"";"CAFC Ospreys W";"100";"85";"65";"39";"4";"";"40 | 43";"65";"60";"1.5 | 2.1";"1.3 | 2"
"United States";"USA";"WPSL";"19-06-2026 20:30";"NS";"Mankato W";"";"";"Manitou W";"100";"95";"60";"88";"3.2";"";"33 | 10";"45";"60";"1.5 | 3";"1.5 | 1"
"United States";"USA";"WPSL";"19-06-2026 21:00";"NS";"Columbus Eagles W";"";"";"Greater Toledo W";"90";"70";"65";"42";"3.8";"";"73 | 53";"25";"70";"0.4 | 1.6";"2.6 | 1"
"United States";"USA";"WPSL";"19-06-2026 21:00";"NS";"Chicago KICS W";"";"";"Milwaukee Bavarian W";"100";"95";"75";"";"3.8";"4";"23 | 67";"55";"25";"3.1 | 1.2";"1.9 | 4.3"
"United States";"USA";"WPSL";"19-06-2026 21:00";"NS";"Lou Fusz Athletic W";"";"";"Junction W";"100";"90";"65";"75";"4.2";"3";"87 | 10";"45";"50";"0.7 | 3.3";"3 | 0.5"
"United States";"USA";"WPSL";"19-06-2026 21:30";"NS";"The St. James";"";"";"Arlington Red W";"82";"78";"60";"";"";"";"17 | 40";"78";"68";"1.8 | 1.7";"0.8 | 1.8"
"United States";"USA";"WPSL";"19-06-2026 22:00";"NS";"La Roca W";"";"";"MetaSport W";"100";"80";"75";"67";"3.7";"5";"77 | 47";"60";"45";"0.8 | 1.5";"3.3 | 1.8"
"United States";"USA";"WPSL";"19-06-2026 22:00";"NS";"Griffins W";"";"";"City SC W";"100";"85";"85";"76";"3.7";"1";"20 | 13";"35";"45";"3.2 | 3.9";"0.5 | 1.1"
"United States";"USA";"WPSL";"19-06-2026 22:00";"NS";"Aggies";"";"";"Glacier";"92";"82";"64";"";"";"";"44 | 13";"64";"64";"1.7 | 2";"1.2 | 1"
"United States";"USA";"WPSL";"19-06-2026 23:00";"NS";"Westside Timbers";"";"";"Portland Thorns II W";"95";"85";"70";"";"3.8";"";"37 | 100";"40";"60";"1.4 | 0.4";"1.6 | 2.8"
"United States";"USA";"WPSL";"19-06-2026 23:00";"NS";"FC Premier Women";"";"";"LA Surf W";"100";"90";"74";"100";"8";"";"63 | 0";"64";"64";"1.4 | 2.8";"3 | 0.5"
"United States";"USA";"WPSL";"19-06-2026 23:45";"NS";"Rebels Chula Vista W";"";"";"Albion San Diego W";"90";"80";"65";"75";"2.8";"1";"83 | 33";"70";"65";"0.8 | 1.5";"2.5 | 1.3"
"United States";"USA";"USL W League";"19-06-2026 19:00";"NS";"TLH Reckoning W";"";"";"Brooke House W";"95";"85";"75";"58";"2.3";"";"37 | 50";"60";"65";"1.8 | 1.3";"1.5 | 2.3"
"United States";"USA";"USL W League";"19-06-2026 20:00";"NS";"Midwest United W";"";"";"Ann Arbor W";"100";"95";"80";"84";"2.6";"";"50 | 33";"85";"50";"1.6 | 2.3";"2.3 | 1.4"
"United States";"USA";"USL W League";"19-06-2026 20:00";"NS";"Vermont Green W";"";"";"AC Connecticut W";"93";"93";"66";"80";"";"";"62 | 20";"46";"58";"0.7 | 3.9";"2 | 1"
"United States";"USA";"USL W League";"19-06-2026 20:00";"POSTPONED";"New Jersey Copa W";"";"";"Paisley Athletic W";"100";"100";"95";"88";"6";"2";"20 | 73";"65";"25";"3.8 | 1.6";"1.1 | 3.8"
"United States";"USA";"USL W League";"19-06-2026 21:00";"NS";"Rally Madison W";"";"";"Rockford Raptors W";"";"";"";"";"";"";"";"";"";"";""
"United States";"USA";"USL W League";"19-06-2026 21:00";"NS";"Lonestar San Antonio W";"";"";"Hill Country Linces W";"";"";"";"";"2";"";"";"";"";"";""
"United States";"USA";"USL W League";"19-06-2026 22:00";"CANCELLED";"SoCal Reds W";"";"";"Sta Clarita Blue Heat W";"95";"85";"75";"";"";"";"77 | 60";"45";"55";"1 | 0.9";"3 | 2.2"
"United States";"USA";"USL W League";"19-06-2026 23:00";"NS";"Portland Cherry Bombs";"";"";"Snohomish United W";"";"";"";"";"";"";"";"";"";"";""
"United States";"USA";"USL W League";"19-06-2026 23:00";"NS";"California Storm II W";"";"";"Monterey Bay W";"100";"83";"60";"81";"";"";"60 | 90";"36";"64";"0.9 | 0.6";"1.9 | 2.7"
"United States";"USA";"UWS";"19-06-2026 20:00";"NS";"Tulip City United W";"";"";"Grand Rapids W";"100";"74";"56";"";"";"";"60 | 33";"46";"54";"2.6 | 1.7";"1.4 | 1.3"
"United States";"USA";"UWS";"19-06-2026 21:00";"NS";"Chicago Inter W";"";"";"Rockford Raptors II W";"100";"100";"100";"";"";"";"67 | 0";"84";"0";"3.7 | 5.7";"4.3 | 2.7"
"Argentina";"ARG";"Primera Division Women";"19-06-2026 15:00";"NS";"San Lorenzo W";"";"";"Belgrano W";"85";"40";"30";"64";"2.4";"1";"73 | 40";"20";"80";"0.5 | 0.7";"2.1 | 0.5"
"Argentina";"ARG";"Primera Division Women";"19-06-2026 15:00";"NS";"Gimnasia La Plata W";"";"";"SAT W";"90";"65";"50";"58";"1.2";"5";"47 | 53";"50";"65";"1.7 | 0.9";"1.4 | 1.4"
"Australia";"AUS";"South Australia NPL Women";"19-06-2026 05:45";"FT";"Adelaide University W";"2";"1";"MetroStars";"95";"75";"75";"78";"";"1";"30 | 20";"45";"50";"2.1 | 2.9";"1.3 | 0.8"
"Australia";"AUS";"South Australia NPL Women";"19-06-2026 07:45";"HT";"FFSA NTC W";"0";"4";"Campbelltown City W";"95";"85";"60";"76";"3.2";"";"43 | 57";"50";"65";"1.7 | 1.5";"1.4 | 1.7"
"Australia";"AUS";"South Australia NPL Women";"19-06-2026 08:00";"HT";"West Adelaide W";"0";"1";"Salisbury Inter W";"100";"100";"85";"100";"3.4";"1";"100 | 70";"50";"35";"0.6 | 1.1";"4.8 | 3.5"
"Australia";"AUS";"Victoria NPL Women";"19-06-2026 07:30";"INPLAY_2ND_HALF";"Spring Hills W";"0";"0";"Bentleigh Greens W";"100";"75";"60";"83";"5.3";"1";"23 | 30";"45";"60";"1.5 | 2.9";"0.9 | 1.8"
"Australia";"AUS";"Victoria NPL Women";"19-06-2026 23:00";"NS";"Avondale W";"";"";"Keilor ParkW";"95";"75";"60";"62";"6.7";"1";"47 | 37";"55";"70";"1.3 | 1.8";"1.5 | 1.2"
"Australia";"AUS";"Tasmania Women's Super League";"19-06-2026 23:15";"NS";"Devonport Strikers W";"";"";"Riverside Olympic W";"95";"95";"90";"88";"8.9";"";"100 | 7";"30";"25";"0.3 | 6.2";"5 | 0.6"
"Australia";"AUS";"QLD FQPL 1 Women";"19-06-2026 07:30";"INPLAY_2ND_HALF";"The Gap W";"3";"2";"Mitchelton W";"100";"80";"70";"82";"4";"";"40 | 43";"65";"40";"2.5 | 1.2";"2.2 | 1.7"
"Australia";"AUS";"Northern NSW NPL Women";"19-06-2026 07:00";"INPLAY_2ND_HALF";"Adamstown Rosebud W";"2";"0";"Broadmeadow Magic W";"95";"95";"90";"90";"4.7";"5";"27 | 33";"75";"15";"2.7 | 2.9";"1.9 | 2.5"
"China";"CHN";"Super League Women";"19-06-2026 05:00";"FT";"Beijing BG Phoenix W";"3";"1";"Changchun Dazhong Zhiye W";"90";"60";"50";"60";"1.5";"1";"77 | 67";"40";"70";"0.8 | 0.9";"1.6 | 1.8"
"China";"CHN";"Super League Women";"19-06-2026 08:35";"INPLAY_1ST_HALF";"Shanghai RCB W";"0";"0";"Liaoning Shenbei Hefeng W";"90";"75";"45";"50";"1";"1";"73 | 60";"50";"70";"0.4 | 1.3";"2.1 | 1.6"
"Iceland";"ISL";"2. Deild Women";"19-06-2026 16:00";"NS";"Smári W";"";"";"Fylkir W";"100";"95";"80";"89";"";"";"17 | 73";"40";"30";"5.7 | 1.1";"0.6 | 4.2"
"Iceland";"ISL";"2. Deild Women";"19-06-2026 16:15";"NS";"Álftanes W";"";"";"KÞ Reykjavík W";"100";"95";"75";"80";"";"2";"17 | 23";"45";"35";"4 | 3.6";"0.9 | 1.7"
"Northern Ireland";"NIR";"Premiership Women";"19-06-2026 15:45";"NS";"Linfield W";"";"";"Lisburn W";"100";"95";"75";"88";"6.4";"3";"53 | 23";"45";"35";"1.3 | 3.2";"3.7 | 0.7"
"Northern Ireland";"NIR";"Premiership Women";"19-06-2026 15:45";"NS";"Larne W";"";"";"Lisburn Rangers W";"100";"90";"75";"86";"4.7";"";"17 | 33";"55";"35";"3.9 | 2.5";"0.6 | 1.6"
"Northern Ireland";"NIR";"Premiership Women";"19-06-2026 16:00";"NS";"Crusaders Strikers W";"";"";"Glentoran BU W";"100";"90";"85";"90";"4.6";"4";"43 | 80";"55";"25";"2.5 | 1";"1.8 | 3.1"
"Northern Ireland";"NIR";"Premiership Women";"19-06-2026 16:00";"NS";"Cliftonville W";"";"";"Derry City W";"100";"90";"85";"88";"5.4";"";"67 | 50";"60";"20";"1.5 | 1.8";"3.6 | 2"
"Northern Ireland";"NIR";"FA Women's Cup";"19-06-2026 15:30";"NS";"Mid-Ulster W";"";"";"Wellington Rec W";"";"";"";"";"";"";"";"";"";"";""
"New Zealand";"NZL";"National League Women";"19-06-2026 04:30";"AWAITING_UPDATES";"Fencibles United W";"";"";"Western Springs W";"100";"85";"60";"";"2.6";"";"70 | 30";"25";"55";"0.7 | 2.7";"2.4 | 1.3"
"New Zealand";"NZL";"National League Women";"19-06-2026 21:00";"NS";"NW United W";"";"";"Coastal Spirit W";"95";"95";"85";"";"7.5";"";"17 | 53";"30";"30";"4.3 | 2.1";"1.3 | 3.4"
"New Zealand";"NZL";"National League Women";"19-06-2026 21:30";"NS";"Victoria University W";"";"";"Waterside Karori W";"100";"85";"75";"";"5.7";"";"13 | 80";"55";"35";"3.7 | 1.4";"1.2 | 5.4"
"New Zealand";"NZL";"National League Women";"19-06-2026 21:30";"NS";"UC Football W";"";"";"Dunedin City Royals W";"100";"100";"80";"";"2";"";"60 | 80";"35";"40";"2.4 | 0.8";"2.8 | 3.7"
"New Zealand";"NZL";"National League Women";"19-06-2026 22:00";"NS";"Taradale W";"";"";"Wellington Phoenix III W";"100";"95";"80";"";"6";"";"20 | 47";"55";"40";"4.7 | 1.5";"1.5 | 2"
"World";"WOR";"Club Friendlies 3";"19-06-2026 11:00";"NS";"Levski Sofia";"";"";"Akademik Svishtov";"95";"70";"40";"53";"";"3";"63 | 67";"50";"80";"0.7 | 0.7";"1.3 | 2"
"World";"WOR";"Club Friendlies 3";"19-06-2026 12:30";"NS";"Grazer AK";"";"";"Győri ETO";"95";"70";"55";"75";"";"5";"57 | 70";"50";"65";"0.9 | 0.7";"2 | 1.8"
"World";"WOR";"Club Friendlies 3";"19-06-2026 13:30";"NS";"Rapid Wien II";"";"";"Oberwart";"100";"95";"80";"80";"3";"1";"50 | 83";"45";"45";"1.7 | 1.1";"1.4 | 4.4"
"World";"WOR";"Club Friendlies 3";"19-06-2026 14:00";"NS";"Hain";"";"";"Bayern Alzenau";"95";"90";"85";"";"";"";"40 | 17";"70";"50";"1.9 | 2.7";"1.3 | 1.5"
"World";"WOR";"Club Friendlies 3";"19-06-2026 21:00";"NS";"Pogoń Siedlce";"";"";"Wisła Płock";"100";"65";"50";"60";"2.2";"";"30 | 43";"35";"75";"1.5 | 1.5";"0.8 | 1"
"World";"WOR";"Club Friendlies 3";"19-06-2026 21:00";"NS";"FC Midtjylland";"";"";"Lillestrøm";"85";"75";"50";"60";"";"1";"57 | 53";"50";"70";"1.2 | 1";"1.5 | 1.4"
"World";"WOR";"Club Friendlies 3";"19-06-2026 21:00";"NS";"Dunajská Streda";"";"";"Šamorín";"100";"85";"60";"70";"3";"3";"50 | 50";"55";"80";"1.3 | 1.3";"1.5 | 1.3"
"World";"WOR";"Club Friendlies 3";"19-06-2026 21:00";"NS";"CSKA Sofia";"";"";"Dynamo Kyiv";"90";"70";"45";"70";"2.5";"";"43 | 73";"55";"75";"1 | 1.3";"0.8 | 2.3"
"World";"WOR";"Club Friendlies 3";"19-06-2026 21:00";"NS";"Slovan Bratislava II";"";"";"Trenčín";"100";"85";"65";"75";"";"2";"63 | 60";"75";"60";"1.3 | 1.4";"2.4 | 1.6"
"World";"WOR";"Club Friendlies 3";"19-06-2026 21:00";"NS";"Gryf Wejherowo";"";"";"Polonia Bytom";"100";"85";"60";"82";"2.7";"";"53 | 40";"75";"50";"1.2 | 1.9";"1.8 | 1.8"
"World";"WOR";"Club Friendlies 3";"19-06-2026 21:00";"NS";"Necaxa";"";"";"Morelia";"85";"70";"50";"65";"2.9";"";"30 | 43";"45";"85";"1.4 | 1.2";"1 | 1"
"World";"WOR";"Club Friendlies 3";"19-06-2026 21:00";"NS";"Mačva Šabac";"";"";"Zemun";"95";"70";"35";"65";"1.8";"";"67 | 53";"35";"90";"0.6 | 1.2";"1.2 | 1.3"
"World";"WOR";"Club Friendlies 3";"19-06-2026 21:00";"NS";"Nieciecza";"";"";"Unia Tarnów";"100";"80";"65";"70";"";"";"40 | 57";"60";"60";"2.3 | 1.1";"1.5 | 1.4"
"World";"WOR";"Club Friendlies 4";"19-06-2026 12:00";"NS";"Považská Bystrica";"";"";"Pohronie";"95";"85";"50";"60";"3";"5";"37 | 43";"70";"70";"1.6 | 1.3";"1.5 | 1.2"
"World";"WOR";"Club Friendlies 4";"19-06-2026 12:00";"NS";"Liptovský Mikuláš";"";"";"Baník Lehota p.Vtáčnikom";"95";"80";"60";"75";"4";"1";"50 | 50";"65";"70";"1.2 | 1.6";"1.7 | 1.5"
"World";"WOR";"Club Friendlies 4";"19-06-2026 14:30";"NS";"Differdange 03";"";"";"UNA Strassen";"85";"60";"35";"55";"2.4";"";"77 | 53";"35";"80";"0.6 | 0.7";"2.1 | 1.2"
"Australia";"AUS";"Tasmania Northern Championship";"19-06-2026 07:15";"NS";"Ulverstone II";"";"";"Burnie United";"100";"100";"94";"74";"";"";"63 | 33";"62";"11";"1.7 | 4.7";"3 | 2.5"
"Peru";"PER";"Liga 3";"19-06-2026 13:00";"NS";"Sport Boys II";"";"";"Union Huaral";"95";"70";"50";"16";"2.5";"5";"43 | 43";"45";"85";"1.6 | 1.4";"1.2 | 1.2"
"Peru";"PER";"Copa de La Liga";"19-06-2026 15:00";"NS";"ADT";"";"";"Alianza Universidad";"90";"75";"50";"65";"4";"1";"40 | 50";"50";"80";"1.2 | 0.8";"1.5 | 1.3"
"Peru";"PER";"Copa de La Liga";"19-06-2026 17:30";"NS";"Alianza Atlético";"";"";"César Vallejo";"90";"70";"30";"60";"2.9";"1";"37 | 27";"40";"85";"1.3 | 1.2";"1 | 0.8"
"South Africa";"RSA";"Super League Women";"19-06-2026 10:00";"NS";"Richmond United W";"";"";"Diepkloof Ladies";"";"";"";"";"";"";"";"";"";"";""
"South Africa";"RSA";"Super League Women";"19-06-2026 13:00";"NS";"University of Pretoria W";"";"";"Mamelodi Sundowns W";"95";"70";"60";"84";"4.5";"4";"57 | 100";"15";"55";"1.2 | 0.1";"1.2 | 3.9"
"Russia";"RUS";"Third Division - South";"19-06-2026 21:00";"NS";"Vaynah Nazran";"";"";"Rodnik Psynadakha";"88";"88";"69";"";"";"";"22 | 90";"54";"58";"3.3 | 0.3";"1.2 | 3.1"
"Russia";"RUS";"Third Division - South";"19-06-2026 21:00";"NS";"FSh Nalchik";"";"";"Iskra Altud";"95";"85";"74";"";"";"";"33 | 88";"35";"49";"2.3 | 0.8";"0.7 | 4.1"
"Russia";"RUS";"Third Division - South";"19-06-2026 21:00";"NS";"Nart Nartkala";"";"";"Vityaz Mikhailovsk";"90";"80";"60";"";"";"";"20 | 33";"40";"65";"2 | 1.6";"0.3 | 1.9"
"Russia";"RUS";"Third Division - South";"19-06-2026 21:00";"NS";"Anzhi";"";"";"RSShOR Uralan";"100";"84";"62";"";"";"";"53 | 70";"53";"64";"1.3 | 1.1";"2 | 2"
"Russia";"RUS";"Third Division - South";"19-06-2026 21:00";"NS";"Questo Calcio";"";"";"Volgar Astrakhan II";"90";"84";"79";"";"";"";"4 | 63";"58";"57";"3.7 | 1.2";"0.7 | 2"
"Russia";"RUS";"Third Division - South";"19-06-2026 21:00";"CANCELLED";"Dinamo Makhachkala III";"";"";"StavAgrosoyuz";"95";"95";"70";"";"";"";"20 | 83";"65";"40";"2.6 | 0.9";"1.2 | 2.4"